-0.25685736926237857,0.9671931139574882
1.8896696605330678,-0.3134968896705555
-1.1790511972876558,0.3818019214683664
1.3096772928916343,0.25816181385290404
-3.047839245862602,-0.9956083674455712
3.066796333078866,-0.99720405907224
-0.7141071489313395,0.7556783088711697
-1.253986227250526,0.3115369988294919
-1.0545619484011288,0.4936087440607884
-0.09781473295072196,0.9952199520136474
0.3203355006714501,0.949129827368817
-1.5178683019438177,0.05290331643075567
0.8152123695049536,0.6857138312661736
-0.10808532809216853,0.9941644653516513
2.4088912219713663,-0.7433701827784681
2.9244561298941294,-0.9765183429000824
-0.3102474152146302,0.9522580645902622
2.6431424868522875,-0.8783245372704848
2.4365593725359904,-0.7615899840915276
-0.7327378241817004,0.7433458400198619
-0.7087515483450284,0.7591750677260178
0.4691052823787989,0.8919731366222649
2.420575706062994,-0.7511347808930594
-0.16202477868122145,0.9869026758064358
0.7255557469238112,0.7481307709140474
0.5694486156173526,0.8421983918518816
-2.0495749434749255,-0.4606954705714735
-0.2749222581258164,0.9624463052876723
-1.5637163471102253,0.007079920536176694
-2.0936269958146507,-0.49933465275865446
0.9790736777487457,0.5577916158671292
1.3845381923603588,0.18518305356098888
-1.6473674047485403,-0.07649627552205145
-1.430366581136668,0.13996864277071536
-2.2529134830930317,-0.6304378565324628
1.011408033926969,0.5306678265779992
3.068462572716431,-0.997327187139861
-2.8121862315680684,-0.946234521660938
-2.819454293748812,-0.9485605918665827
-0.44691053724039875,0.9017866127529033
-0.13287329453485341,0.9911853240776092
0.06108596184190196,0.9981348327296394
0.7489100129687913,0.7324314114857107
0.2957898797154952,0.9565721943556152
-1.5986872073050917,-0.027887264592530315
-0.9232401612095003,0.6032391035042114
-1.5915845933102843,-0.02078676926582924
2.198261241068689,-0.5870944480182406
1.8582429776095646,-0.28350456439913774
-2.1339060602352276,-0.5338183628249745
0.3276044803885507,0.9468158797780217
-2.8440040257540757,-0.9560463201316268
2.4971235645846495,-0.7994188371693358
-0.4243997248344682,0.9112860747272695
0.3254202343841226,0.9475164582116887
-3.0894457048240995,-0.9986406559482743
-1.5928343709573491,-0.02203626031648748
2.286076737586778,-0.6558291272124096
-2.5271929518889653,-0.817119646934204
3.097778409424225,-0.9990403095443574
-1.5086358324068732,0.06212047151833044
0.7014578267678964,0.7639022170846567
-0.6784054318065285,0.7785743831358634
-1.3555403130566166,0.2135975406852234
1.7791540423136123,-0.20685341445628777
2.139360304126498,-0.5384225038605959
-1.1989940812601299,0.36329512657151497
1.186700118197086,0.37472135102087833
-2.415934418311009,-0.7480627607021679
0.27326270412099474,0.962895502371416
-2.4931472508382795,-0.7970236573147119
-1.13473143659821,0.4223758792640361
-0.14327591806403595,0.9897535519046604
-2.5435380875030464,-0.8264325270046137
-0.46798268804762566,0.8924800863530856
0.5732553001454619,0.84013985317853
2.0439935506197946,-0.45573450914090124
0.42756638481068787,0.9099775601245402
2.3786557059885345,-0.7228095613713006
-0.9827785942547855,0.5547127842444458
1.3355840298803647,0.23304944205775452
-0.46831058396235203,0.8923321288610663
-0.47758291994274726,0.8881084878952094
-2.11143142938501,-0.5146806209318546
2.904045990571661,-0.9719182157378174
-1.576917973439508,-0.006121608410349695
-1.7497412437277131,-0.17799143714952234
-0.47452655999245064,0.8895091442675118
1.7710792650921556,-0.19894662120795106
1.8052056115807291,-0.23226846590377148
1.199889091285396,0.36246112350481224
-2.6313060365092706,-0.8726045518626907
2.4126608646678545,-0.7458863345912629
-0.2606793586560401,0.966215105241623
-2.4175038728006797,-0.7491033728901508
1.055200367939773,0.49305342019376086
1.4411461492785724,0.1292872640503531
-2.142883574508656,-0.541388127862765
-0.10400409207448158,0.9945964478363015
-2.468438691739282,-0.7818592044950436
-0.8404206670797083,0.6671495199464695
2.9629406375006635,-0.9840841278479027
2.112710936381575,-0.5157772255721903
-2.408845186545425,-0.7433393898041706
2.1049901894723337,-0.5091473791923466
-0.43273616014253946,0.9078217233071278
-2.815753879012523,-0.9473825649979455
2.290333669540078,-0.6590367730378653
1.845768059203012,-0.27151973140491964
-1.2764030556752475,0.2901592771531662
-0.26786981725269676,0.9643368960003519
2.217939818448057,-0.6029099197633265
1.3330926403490757,0.2354715051207004
-1.715437263492485,-0.14413712514539434
-1.8305356087162648,-0.2568285878193152
-1.7701249815032152,-0.19801132299133856
-0.4600127688076361,0.8960468287644998
-3.070684945498437,-0.9974871016154828
2.286294660411526,-0.6559936236205207
2.260368658667417,-0.6362072866816296
1.6763759033605181,-0.10538353577783269
-2.3541720269784445,-0.7056752385489802
2.925776142448589,-0.976801868003669
-3.0707505250450478,-0.9974917456701672
2.688162496127113,-0.8989498076894393
1.6480868191395315,-0.07721356207578213
2.6267330364158834,-0.8703618571563175
-0.2352042723326102,0.972466757663048
1.0158622393054584,0.5268872799869544
1.8572970459630627,-0.28259731678635924
1.2556287356619,0.3099758119183735
2.6223249727454343,-0.8681828217861791
-1.9790822519389133,-0.3970367294444654
1.7526162702454027,-0.18081981583212758
-0.2231412071978256,0.9752071313199017
1.9855543968318887,-0.4029685245308463
0.05958535929942688,0.9982253176433813
-2.7334915186834765,-0.9178760742750993
-0.8164516485718929,0.6848112693423498
1.2846447340624634,0.28226240400514224
-0.4253839021146102,0.9108803750030897
-1.6750958385440002,-0.10411051281645586
-2.010955226335856,-0.42608322431207596
-1.1229350041264547,0.43303877502031063
-1.230671708979314,0.33360457357809825
-1.4476537392341187,0.12283159909295503
1.231633422519388,0.33269779949114936
2.152943314194247,-0.5498185471088474
-0.6984712083041216,0.7658261677554787
-0.3261202577646971,0.9472924237028544
-2.965647223184391,-0.9845614917090586
3.0827814220467857,-0.9982711179242053
-3.1319310149902955,-0.9999533267328565
1.4828552120190182,0.0878278077829133
-0.4166213726967798,0.9144613967850688
-1.9508884981740129,-0.37100606413746995
1.0591063614827396,0.48965145701241886
2.1795010280861016,-0.5718052908000973
-2.1534159930005514,-0.5502133067744075
2.2741066422711995,-0.646746021816855
-0.9191053659762298,0.6065316863870329
1.2809432720982237,0.2858114125811217
1.7224181772305505,-0.1510415740331751
-3.0770752780790547,-0.9979194759591725
-0.18841673563900496,0.9823020177424843
1.932635321720504,-0.35399474613626336
0.17351206648391493,0.984984510077128
-2.289147965059238,-0.6581445289304408
-3.0540837097910396,-0.9961735351762528
-2.773090389257401,-0.9328679040301469
-0.6981999962890013,0.766000541836906
-1.7200442549394992,-0.14869446338254913
-1.3194318380284011,0.24872579864744943
2.445440769042569,-0.7673155423217625
-0.786185835667466,0.7065495934863865
2.231342806582856,-0.6135484751884496
1.519808416743813,0.05096582014196149
0.412109373410837,0.9162779671786692
0.12056825934202431,0.9927404479791585
2.0271926311461534,-0.4407161307782421
0.9391355622875821,0.5904858882608245
2.0077814080252088,-0.42320978059006925
-0.762539316212874,0.7230842863099782
2.3896472551309262,-0.730361426151672
-2.1311526709112147,-0.5314880785630126
-1.1156637331008037,0.4395814136903774
2.0013053774114455,-0.417333457972129
2.5115981623352948,-0.8080307537484266
2.828671263288129,-0.9514383119587467
2.0304517244209856,-0.44363929879423963
0.5606558340093795,0.8469065588545446
2.551697769955071,-0.8309991571578479
-1.6950496285917456,-0.12393382648207468
-0.4862183421724575,0.8841062913566466
-0.50852134929448,0.8734653969256596
-0.3774120323423995,0.9296214547838301
1.5023906891230654,0.06835230137908982
-2.359906958321159,-0.7097270137297244
-1.2414742428213215,0.32340161671739026
2.2760127473756437,-0.6481986427723953
-0.9448578455883596,0.5858580888142858
0.24287220920784902,0.9706512375531886
1.1329782844713172,0.4239643228600668
-1.6177111677730287,-0.04689763292647518
0.0069354361633862105,0.9999759499590132
-1.2700541928995754,0.2962291128055237
2.9788266474993836,-0.9867828322759834
-0.9718375060886135,0.5637828451461538
0.4974563279552213,0.8787992228199693
2.3580421153211892,-0.7084120417694768
-1.8195124107159302,-0.2461597534436307
1.5925170343905775,-0.02171899970364904
-1.9968090603677178,-0.41324320965259626
-2.1994622001978357,-0.5880662229645978
-2.0697234819558847,-0.47848375295406065
-0.8364141139628587,0.6701287341783312
0.4531129585095117,0.8990887119861845
-1.003976948169972,0.5369515554598774
1.3131750067345758,0.25478109430927
2.754372979546427,-0.9259625313449743
-0.38921804997929277,0.9252060654002136
2.4556431223700548,-0.7738179552941175
-2.510740339651164,-0.8075250785925325
0.03652958351109037,0.9993328689547575
-2.8814026321514774,-0.966341109871298
-0.6568481319021466,0.7919207677479507
-1.3154956253661607,0.2525363749613568
1.2200536377512243,0.3435953746440862
-1.7556617949722984,-0.1838142956585381
-2.0762884424044024,-0.4842380687427794
1.6445964532359163,-0.07373315312566392
2.6038113505802842,-0.85884728132081
2.2200960978492477,-0.6046288164950199
-2.1021609391547225,-0.5067102673383457
1.9541985765272054,-0.3740778655689396
2.7655857126769545,-0.9301383354450965
-1.590043028841235,-0.019245513791270704
2.230553856396985,-0.612925284221442
-0.09013086912024582,0.9959409621566603
0.4315003687173915,0.9083392669093238
-2.1656492131693357,-0.560386916505634
-2.0589109677543247,-0.4689615384867651
0.07139030838479199,0.9974527940458564
-1.0451978137842355,0.5017308225086619
1.6374701563383303,-0.06662444188684152
2.882402095112762,-0.9665977531980356
-1.40069281652064,0.16928436630999802
0.9320226436756238,0.5962113689940272
1.025963790340855,0.5182748805875579
-0.3046798107531954,0.9539430543169304
-0.5672585110475783,0.8433772048475552
2.828802187725427,-0.9514786075134581
1.584311249111762,-0.013514510896822929
-2.2261396726602576,-0.609431497145422
0.3425013686045322,0.9419175429226105
-2.6215426187214965,-0.8677943172591165
-1.976090154461323,-0.3942888010707155
-1.2318926534197239,0.33245332489296664
0.7484356550723508,0.7327542912904508
-0.5955877820598543,0.8278188988106984
0.3690281329092655,0.9326783473850309
0.8415092496504979,0.6663382137146203
-1.4374407395790607,0.1329606789524896
2.406811840202759,-0.7419777193086915
0.41489738775200946,0.9151576879019282
0.09807791827029,0.9951942151758048
1.1096614894508754,0.4449646947131098
-1.6328872329275976,-0.06205101751134163
2.7432238622890006,-0.9216949909102512
-2.6920815925101906,-0.9006596662918509
0.8441083313136617,0.6643979609601168
0.1802180724972433,0.9838046279686281
3.0655205838521464,-0.9971079152047637
-2.989865615731716,-0.9885115181686287
-1.2654844713733158,0.3005906229456299
0.8044666321219975,0.6934956043254829
-0.05341589289795401,0.9985737103723223
-0.7655438440504692,0.7210056186484624
-2.612218293936536,-0.8631231836865217
-0.6053743949539401,0.8222890983403017
-2.7125650949077458,-0.9093707022254103
0.8072258909449177,0.6915050289052443
-2.7181147416774656,-0.9116652659366309
-0.07573638994946386,0.9971333702609858
0.8655415034335476,0.6482278849091484
2.007344826458718,-0.42281418352144695
2.16042925249839,-0.5560559684713879
-0.2487578460942368,0.9692189879360716
2.850479505943521,-0.9579249748532895
1.8246668408588835,-0.25115228588392075
-2.7472409128539006,-0.9232458258788795
2.9287086229746624,-0.9774256433763125
-1.508222323251074,0.06253317672397786
-2.6544548788258817,-0.8836762798848093
2.398761455455772,-0.7365565589398597
-0.23624873006228464,0.972222825138682
0.04464284125243312,0.9990036738507247
0.7941849301026562,0.7008663820986016
0.6915390447097263,0.7702654427919302
2.036244008695724,-0.44882290423351673
-1.5765073038057622,-0.00571094596675104
3.077778834617006,-0.9979645891119912
1.908413026076384,-0.33123927927287117
-0.01778028632950379,0.9998419348732933
0.10066247911803128,0.9949378093860528
1.7626238694664291,-0.19065323323482758
-1.0256557203448748,0.5185383217921863
2.3282738112481853,-0.6870908451121098
-2.0615731828422885,-0.47131119170663077
-2.716880142245306,-0.9111572328510331
-1.9799209160765263,-0.3978063179527239
-0.5575335017207852,0.8485627023429834
0.9099130826915074,0.6138143687105163
1.4557908616082988,0.11475211747981168
-0.8767867732271091,0.6396244095028819
0.768729395020888,0.7187946027625797
-0.520878745343504,0.8673822135643433
2.69307037318155,-0.9010888760774294
-0.42290669427894434,0.9118998497222961
2.9058964514833034,-0.9723519998811795
2.0976947108087023,-0.5028548176737053
1.6353419945029408,-0.0645008592936606
0.95730065968056,0.5757291707590418
-2.795284430202126,-0.9406322106289683
-2.6440559452448116,-0.8787608631255851
1.2295513282615689,0.33466056155744517
1.077429427387921,0.47359394102912555
-0.7434760783314216,0.7361202243532385
-0.1352988499943506,0.9908610646421103
2.085001035759176,-0.49184255734743243
-2.765910909454731,-0.930257701544756
-1.04816409285703,0.4991627169479016
-2.2632016310375063,-0.6383904204067923
2.1927954809404717,-0.5826610668569415
-2.794737194108548,-0.9404463228014176
1.8057135314682844,-0.23276246507190604
1.0592606908755133,0.4895168885663177
-2.275788610958008,-0.6480279530458114
-0.8062007500670463,0.6922451981228428
-2.8830789817550233,-0.9667710165984728
-1.99299068335139,-0.4097631124306012
-1.9160955268360227,-0.33847823191991727
-0.1562535189366976,0.9878172362110471
-1.4402271684670807,0.13019847730165848
-1.4724794140420077,0.09815859721293962
0.8209004773746549,0.6815625505065913
2.5142585580481356,-0.809595238745698
3.0349296528803063,-0.9943168932629554
2.1630142054617494,-0.5582025786420736
-0.4778386137673243,0.8879909333170329
2.0760531769063677,-0.4840322130239343
2.007780183423792,-0.4232086710620213
-1.5062660570743778,0.06448549336246576
0.31111651507910754,0.9519923737966063
1.8901074030348344,-0.3139125351852873
-1.1009940087737982,0.45271002954769746
-1.795454525125999,-0.22277316285302792
-2.2013391275398932,-0.5895832690635834
2.815330222094085,-0.9472468659026165
-1.1860972577254734,0.37528021743169976
1.7116890811339012,-0.1404270785453314
-0.16119115466341727,0.9870368104323751
1.8354175614703525,-0.26154370579678654
0.6392187816813282,0.8025620530951224
-2.0346634082558825,-0.44740988686371436
0.8163164886721033,0.6849097568727998
-0.5502885567185016,0.8523736616572976
-2.475193522924149,-0.7860526688340994
-1.6459711556819057,-0.07510404353794417
0.667541689462392,0.7853458723089989
-0.11086226309184077,0.9938610706893461
-1.2341074178283016,0.33036372326301167
3.0048347370024793,-0.9906632017099005
2.6675823567789685,-0.8897449153323913
-2.5393470737328263,-0.8240655852809324
-1.3058483476617384,0.26185906284668314
0.3902748101864373,0.9248045452845256
-2.244127652621913,-0.623593701801447
2.735396076896505,-0.918630265629516
-2.0552245705667564,-0.4657024648612367
-3.01794629962061,-0.9923655236054615
0.2259390675052413,0.9745841653548679
1.88679356034047,-0.31076448306219584
-0.5316984989109135,0.8619471785430117
2.41741199781719,-0.7490425068591418
-0.19201944315499375,0.9816208431938503
2.6163926756297373,-0.8652236927667165
-0.47456701483492036,0.8894906590194419
-2.046297124126218,-0.4577837452323168
-1.6158944715547643,-0.045082859225913235
2.1901724937630282,-0.5805273232450038
0.9318342558276349,0.5963626013594225
3.0533456883907855,-0.9961087628096765
1.4106810350955419,0.15943202466630074
0.7419270205555462,0.7371678217505195
-1.9727853768047299,-0.39124960714828616
-2.445893207687045,-0.7676055989813672
-1.740429394479809,-0.16882069478557565
1.8609825347934956,-0.28613065282056277
-0.541653420152354,0.8568574265405425
-0.6887118930117717,0.772065302929885
-0.3615011415234073,0.9353669559104856
0.6737741131233448,0.7814724177378132
2.598541585401727,-0.8561360276198482
-3.1182148576052646,-0.9997267517724587
-1.373932704753577,0.1955944994807409
-1.2541391868714207,0.31139164774968753
1.6660867708027682,-0.09514629899421642
-2.872348373094192,-0.9639721952853115
2.0465063701803894,-0.4579697682544143
2.0949159428547874,-0.5004509932319687
2.2909631509676602,-0.6595100821642962
-2.7335241109919304,-0.9178890086032313
-2.3292008774740878,-0.6877641296698279
-2.330870943450087,-0.688975528031349
1.1779876427881018,0.3827846893955055
2.7582423468955692,-0.9274167286508586
1.5843936073844187,-0.013596861602169476
2.8481644586602846,-0.9572579465798072
-1.062446291339417,0.48673658553967003
-0.8852637505390502,0.6330853589685621
-2.711603345857565,-0.9089702069171722
2.220649084644627,-0.6050691820858736
-2.466809613475614,-0.7808425104073107
2.5615737898285076,-0.836452311973641
-0.6260187774846058,0.8103666148280141
1.8875485808083887,-0.31148203151678866
-1.8467673897411958,-0.2724813842278555
-2.5468739991799523,-0.8283061627276451
2.6795915553492513,-0.8951623202695919
-2.1365665724226957,-0.5360661977983311
0.3057445534858818,0.953623103870761
-2.683067275780208,-0.8967061787805374
-0.6544072982772264,0.7934088385164715
2.5938408504765444,-0.8536974703759485
-1.515135741583612,0.05563184931288637
-2.3197037022299343,-0.6808388920705347
-1.5057614909922818,0.06498900103325164
2.735744360871962,-0.9187678232674816
-1.4131602684570548,0.15698401593023567
-1.9964903815551138,-0.4129529931520762
-1.7532787687394051,-0.18147135413095178
-0.5759304291653882,0.8386859394995526
1.4159329120911472,0.15424515000391087
-2.126831492724062,-0.5278228056972301
0.16858088918822878,0.9858238629073587
-2.821729734636847,-0.9492785302771605
0.2860609072478919,0.9593628306743263
-1.2257636482147296,0.33822743007682865
0.2567966724588775,0.9672085317302439
2.4846249469608557,-0.7918477469054834
1.912110215507207,-0.3347254786480081
-2.2027230261306805,-0.5907004895401221
-1.5268571574471688,0.04392503218186073
0.9347931237487481,0.593984866106861
-1.2772710692773506,0.2893284977085667
0.6143887230666305,0.8171259757174734
1.5800358716961123,-0.009239413439699444
-2.0914438234484694,-0.49744194366024924
3.1036983796826894,-0.9992820979162084
2.37098331193332,-0.7174863521586323
-0.7646651380896508,0.7216142212493959
-3.077780203483343,-0.9979646764043706
0.9567061798019827,0.5762151397986692
-2.3836537991223046,-0.7262544374268896
1.5520383119145986,0.018756914857370553
-0.5417160431720811,0.8568251393471098
-2.3827965773235666,-0.7256648941186971
-0.4624798748660126,0.8949488076405046
-0.6154593156844457,0.8165083546538684
-0.8860998306521366,0.6324379432128745
2.7993071296985983,-0.9419900111806853
0.9003828607408373,0.6213100175985301
-0.242645438985154,0.9707057489123398
1.730161235705145,-0.15869119527540534
1.9373238703831515,-0.35837579223321886
1.7769589106147263,-0.20470526253681207
2.6475340660134368,-0.8804155205289386
0.28805760254247037,0.9587975003560821
-2.804733257098195,-0.9437973651633572
-1.7030724250707612,-0.13189069719501886
2.8276821502739287,-0.9511333585663356
-1.0042604677897953,0.5367123530226519
-2.5336521845806166,-0.8208261169623808
0.08183447030836977,0.9966534279929494
-0.8554412207862043,0.6558855135018135
2.4812153767596117,-0.789760860497529
-2.16130164903557,-0.5567808446671937
2.922823793381985,-0.9761653808492243
-0.7584146935034459,0.725927251098449
2.4597959996324263,-0.7764417408951501
0.19206310457094666,0.9816125098432849
-1.368434233487368,0.2009837831107564
-1.171305729436498,0.3889491009002349
-2.3017057571415873,-0.6675470433535861
-2.9100934479652123,-0.973323515733235
1.306329249947936,0.2613949108432819
2.863005170032814,-0.9614448363286384
-2.2526737880069323,-0.630251777576272
0.9736017784940092,0.5623248152045883
2.3017821004582784,-0.6676038841700227
1.1946817218884318,0.367309449713951
0.7137159416463237,0.7559344694999437
2.81210095730877,-0.9462069335819949
-2.260586968731882,-0.6363757017013734
-1.8530595398602963,-0.2785300121668927
-0.22035111208754543,0.9758207661194849
-3.0088167330473716,-0.9911982197433765
-2.562549665943297,-0.8369867324660548
-2.996983500748569,-0.9895623047473708
-0.12305841623202429,0.9924378633490941
1.7094345243361682,-0.13819450709096814
2.68105788275402,-0.8958149589101643
0.7776383029797747,0.7125724867776738
-3.0349753570930464,-0.9943217579344733
-2.1550175986418854,-0.5515499798913736
1.7401016152276023,-0.16849761115820705
-1.1622200444138675,0.3973032033664868
-0.4729935465065953,0.8902085592510217
0.2143272344545304,0.9771197058986761
-1.4951714564627192,0.07555280631157313
-2.2753646155616014,-0.647704972894999
2.482147339689311,-0.7903321973440092
-1.1749438771830196,0.3855948569616681
-2.480706146388787,-0.7894483886387667
0.5311230193710732,0.8622388028249762
-2.502237808177796,-0.8024808743105704
-2.3872755942296484,-0.7287393847923648
-2.0227043705168124,-0.4366828337350719
3.038672218055533,-0.9947083654707467
2.807560898706879,-0.9447281960346428
1.7697788741764944,-0.19767205682906175
-1.0097293217377503,0.5320899208598298
1.2517171346450287,0.31369236395658745
0.13115027589944495,0.9914121227327959
2.8075478806158696,-0.9447239279136324
-1.3463071597354035,0.22260837610346498
-0.831632803833239,0.673669963809731
0.27334902355660384,0.9628722033687092
-0.45059031986986176,0.900190176677304
-1.2787539084618742,0.28790876218226497
1.2080444502155494,0.3548483687195885
1.5587247983689325,0.012071235247294677
1.3367833376864402,0.23188299000448745
0.07798218242300559,0.9969609301852127
-2.5782285427074934,-0.8454633508240009
-1.9458647787616392,-0.36633622330467025
2.3924453889763946,-0.7322698602683683
-1.2101713234837275,0.35285910304643103
2.866646464981871,-0.9624398085534921
-1.2941252894119366,0.2731548055620626
-1.221698160718947,0.3420505099503684
-1.6042470294661177,-0.03344446474567149
-0.08508648629059667,0.9963823282901969
2.3837197623747644,-0.7262997807009799
-0.22306049815461915,0.9752249885736892
-0.7645181511770183,0.7217159718166636
2.9003496286703276,-0.9710417542276731
2.6922199322828195,-0.9007197697932244
-0.9745227099933675,0.5615630434553817
1.1259947135509547,0.43027880582936107
2.8154012534142225,-0.947269629397352
1.240419829422013,0.3243991878768352
-0.6234845414655634,0.8118488785868937
-2.1674181236043504,-0.5618511053712681
-1.2910079737140574,0.27615223795337585
0.8873237258816715,0.6314894270345315
-0.19372441375487792,0.9812940372681466
0.5584162937161632,0.8480952910704017
-0.8494601150360181,0.6603886546752007
-1.329905403825544,0.2385679192879728
-2.8733133813585883,-0.964228441513091
0.6270295862796593,0.8097739446556914
2.4306870148299318,-0.7577712391459869
1.310851233962846,0.2570274897678249
-2.8400064495260726,-0.9548665321357068
0.5168019535471977,0.8694037849242578
0.3613193104087635,0.9354312502485536
-0.0824951216816383,0.9965992067651175
2.9456324686442006,-0.9808611656274042
1.2806627793231673,0.2860801936013614
0.8984699780460081,0.6228077475878109
-1.5891898977980286,-0.018392533857930327
-2.9063173620191485,-0.9724502047710396
0.8149736850910578,0.685887543252124
-1.812434247883038,-0.23929328181597587
2.256478126783045,-0.6332008633232025
2.9820810321377023,-0.9873049732333683
2.9555431313422007,-0.9827426533357776
0.7821032125297407,0.7094328206529222
-1.1946341337946793,0.3673537109266725
0.9966628369165669,0.5431074179841777
-0.7962115534642278,0.6994193683685183
0.5133472435616668,0.8711055734231051
1.889460071654363,-0.3132978594451139
2.0853171599087243,-0.4921177770550421
0.8768007228381753,0.6396136865477035
-0.6476702021925456,0.7974915986810416
-0.7939649716832724,0.7010232598527408
-2.81890125883199,-0.9483853583708309
0.17795328982934278,0.9842080535101012
-1.5292458751506133,0.04153849694910657
-1.3824942868231467,0.1871912195924284
1.4125157689361219,0.15762049174608112
1.3450538942065027,0.223830019488525
0.7676837558198009,0.7195211615743973
-2.7274161276505566,-0.9154480266318105
1.0400893705045293,0.5061431817103714
1.852171601112059,-0.27767710166249204
-1.6992189238786262,-0.1280698893677148
-3.1323770558008746,-0.9999575366792222
0.565574903720941,0.8442806483211376
-0.9968195200899843,0.5429758502193777
-1.628551800199518,-0.05772336965500382
1.9225015207897878,-0.3444991208685495
-1.2531937461856022,0.3122899433944
2.832163463409101,-0.9525075451949131
0.3599229059701847,0.9359239791369047
-0.41497402367535763,0.9151267935784085
-0.38770203899429756,0.9257802751933984
-2.8746761106046184,-0.9645887683600499
-0.025241352934628036,0.999681453964381
0.1359470685511761,0.9907734205838424
0.7612360638243376,0.7239839063599863
2.064798114054862,-0.47415301877227745
-2.6803254946980113,-0.8954892254929283
-1.385846069047878,0.18389763983684926
2.252184666045798,-0.6298719524028036
2.518074628947044,-0.8118293283888139
-2.2274626366025077,-0.6104798605663485
3.0368275507423377,-0.9945171542174002
2.2219036677338657,-0.6060675706959215
0.09003483430081927,0.9959496015513162
-0.659673679587347,0.7901922619767892
1.298825923509268,0.2686299350100235
-0.13705566332792918,0.9906225653820097
1.2384383003512305,0.32627291830444943
1.913352126284682,-0.3358954922240234
0.5425760888762117,0.8563813768436312
1.5075874419548336,0.0631668028396666
-0.32696334606248767,0.9470219867029545
-1.4797917431726222,0.09087902148168497
0.041973036644295636,0.9991192614112112
0.6296077994288303,0.8082585090708795
-0.11753393023917225,0.9931008353276729
-1.8902777584861117,-0.31407427493725365
-1.2708053618205724,0.29551157515956955
-0.3265552678500412,0.9471529698100619
0.5556273037773334,0.8495697195466848
-0.41989921275104347,0.9131300327289253
-1.7480069801609512,-0.17628459942635516
-2.918015473251106,-0.9751105603863192
0.6647826994184576,0.787050853856836
-0.16596930310959657,0.9862586816821753
2.6446467253787587,-0.8790426668679048
-2.2067867050852077,-0.5939745488469925
-0.5333983085936067,0.8610841334641366
1.7051341377811076,-0.13393411757148938
2.215483514802223,-0.6009484411136382
-2.2124214234432293,-0.5984981353382082
-2.373191051911118,-0.7190224534473746
0.6534973806049194,0.7939623669534985
1.5139988994439513,0.05676689468733736
-1.8736768784857214,-0.2982708729445784
-0.1210350371800395,0.9926841974916679
-3.10157344691012,-0.9991993384143452
-2.321949493333538,-0.6824820657374137
-0.6372192398727337,0.8037533118639993
-2.2547221468568317,-0.6318407812635125
2.4115749436013028,-0.7451625919744508
-1.9018834325478444,-0.32507128478964914
-2.853507966911447,-0.9587898056615235
-2.652702912799434,-0.8828548314144115
-1.894201329590525,-0.3177968800752715
-2.6483043395955956,-0.88078052537275
0.7015414938979494,0.7638482213338076
-1.6401773083130247,-0.06932533147071689
2.5418147307154078,-0.8254609887340851
1.826606312697793,-0.25302911943070966
-2.3358906890175843,-0.6926050667227016
1.3791068523859318,0.19051769567981885
-2.423371844618392,-0.7529777098867214
-1.1457568732617855,0.4123567251193261
-2.9164447745452464,-0.9747611036548972
-3.043357184043228,-0.9951787752845319
0.027863608661026884,0.9996118347708332
1.1007159603397847,0.4529579360992601
3.023432667873899,-0.9930272272488871
-2.8428254851903434,-0.9557000896873541
0.42526799670129645,0.9109281996295558
-2.4802491836614986,-0.7891678147590895
1.7947660222457538,-0.2221019090896879
-2.1325231122679336,-0.5326484330693275
-2.273565759580036,-0.6463333930636763
2.0614299790413284,-0.47118488584998947
0.5409378017363937,0.8572261466433848
0.4124777692449779,0.9161303466365288
-2.6871670686717337,-0.8985133137538582
-0.4148792900033045,0.9151649828826424
2.4883310389267708,-0.7941056827761844
-0.22744579975269952,0.9742455185509091
-2.0412889222705908,-0.4533254129198484
1.7900407384187176,-0.21749218408682733
0.7056250329729394,0.7612063605094473
-1.6104510723520054,-0.03964435353394874
-0.3955915678808051,0.9227687627091252
-3.1208899743691703,-0.9997857071905494
0.37567696509807424,0.9302594549953587
2.297550164721211,-0.6644471687797958
2.8791299778964756,-0.9657539422823325
-1.2645808932901468,0.3014522906600577
-0.8455638565656249,0.6633094285752987
1.8297246489792762,-0.25604474576195485
2.621866592199048,-0.8679552617682745
-2.8277919869594745,-0.9511672682444684
1.2869485138354388,0.28005155519728697
-0.7981774726408877,0.6980129526330133
0.05178433401485094,0.9986594909764989
-0.9698892118630318,0.5653909152423134
2.521118339885934,-0.813602772183264
0.12524455659353206,0.9921671475308939
0.03165616724269116,0.9994989853792834
-0.5360497337609376,0.8597329580386687
2.895511014179392,-0.9698743990406336
1.9837729288396453,-0.40133746179981705
0.29897249239723456,0.9556396340226374
-2.09922576916593,-0.5041776300479123
-1.3180582361971078,0.2500559985210477
-1.5918813447241462,-0.021083455641527613
-2.1869521707923227,-0.5779021993599088
0.8612842641272032,0.6514636603703097
1.2764413632556444,0.2901226174145636
-2.209501291646686,-0.5961561986710943
-2.276630198100009,-0.6486686901783166
1.3864047968470867,0.1833484122414309
-0.9934183372565917,0.5458288416715623
1.1660307790622086,0.393803263902662
-1.4542364422984413,0.11629612928509098
-2.6631290186434193,-0.8877033370489765
-2.8030638486913872,-0.9432442696717644
-1.6739954635277252,-0.10301605472072715
-2.2684276960647902,-0.6424042530608768
1.721366204445573,-0.15000158671624758
1.292535573374967,0.2746837190376232
2.21234955187406,-0.5984405557392083
1.7240882340675627,-0.15269225959338212
-0.1661703743556684,0.9862254430881018
-2.424916617925137,-0.7539933429889721
0.27460500647408637,0.9625323818287946
-0.032272623633523345,0.9994792840790256
0.8063180436153652,0.6921605470203299
-2.102971874661444,-0.5074092214593096
2.9503971535237126,-0.9817777525994645
-2.417616127845403,-0.749177731874853
-0.2948639291934292,0.9568416946690781
-1.2050497035132484,0.35764663347010883
-1.195330667237814,0.3667057891264186
-0.7098326480473491,0.7584709510247856
-2.625020232141251,-0.86951717435327
2.982352053108741,-0.9873479848725937
-2.0585177636624454,-0.4686142170796703
-2.3644871162043364,-0.7129461731722617
-0.542363755766146,0.8564909944262159
-1.746765365572964,-0.1750622938993314
0.18371722209806185,0.983171404393767
0.5648896952879179,0.8446476541725534
0.7643401766414866,0.7218391524587544
1.175108251044242,0.38544318921863086
2.067112394266296,-0.476189337746176
-2.7360819428133305,-0.9189010476848053
-2.9558303007148132,-0.9827957328427692
1.361609578708321,0.2076644454855249
-0.7929453242995548,0.7017500450186394
-0.9631516210955593,0.5709353606154309
1.0785964682495246,0.47256575531675377
2.844662687077867,-0.9562392425611749
0.2581687413154121,0.9668591384666891
2.439600244795744,-0.7635571250546063
-0.008013625478841213,0.9999678910751744
-2.265844093213116,-0.6404221259749061
-1.5105612326912679,0.06019867588137828
-2.296377216405182,-0.6635701262946206
-1.4163911730498726,0.15379235705376307
1.150868720949676,0.407694349689037
2.0431929254196897,-0.45502171404956265
2.090705186967323,-0.496801042889786
-0.5890749474705546,0.8314549866711322
1.2856651394143137,0.2812833443740129
-2.7781957863236193,-0.934694797652935
3.0033108959786805,-0.9904543032541574
-2.777219799073262,-0.9343474365870743
0.20032922896913208,0.9800011170278997
0.14048908856324616,0.990147628840301
-0.9717738555277058,0.5638354144701964
2.015412249264962,-0.43011117608495925
-0.9455364682203884,0.5853079889035246
1.63570557038594,-0.06486367381386617
1.545465423567089,0.02532819436604072
-0.7612016222819529,0.7240076642872757
1.0737542571915633,0.47682761692417985
-2.013775631960903,-0.4286331020093149
2.384195075931083,-0.7266264187657906
0.509071666786558,0.8731973226662895
-0.7128785922402066,0.756482372944399
0.5970380760791745,0.8270044201837071
2.9401360623048216,-0.979776158244794
1.1245010523069023,0.43162664744418267
-1.0402393324114274,0.5060138414532687
-0.005533655584429198,0.9999846893670059
-2.7411148574584887,-0.9208748262984398
-1.3807507533332979,0.18890364811265967
-1.8611419832829814,-0.28628343122842026
1.25195396340796,0.31346748040832206
-1.885081925107483,-0.30913714168742074
-2.165374183942954,-0.5601591075973805
1.8489374071646685,-0.2745686472883227
-0.46182752118074344,0.8952396770757771
-3.096703947566736,-0.9989926711997832
-1.0261405348818253,0.5181237180706073
-1.6053482914458919,-0.03454509015179317
1.5936030019442962,-0.02280469807330566
2.9282010199856714,-0.9773182712515078
0.9565630253774993,0.5763321337268933
-1.1871938418255512,0.37426355568655634
3.0626288110209225,-0.9968839753976316
-2.1214049217526965,-0.5232059742256672
-2.170927474795094,-0.5647507096542441
2.290473643565127,-0.6591420425458062
-0.3265445683094712,0.9471564019785425
-2.7813364181496634,-0.9358065278118111
-0.03941199516535043,0.9992234478449027
1.4476260307864788,0.12285909767199406
1.0673287859757128,0.48246570359663193
-2.416054226488569,-0.7481422633929151
-2.0272487676358466,-0.4407665208089561
-2.8925245793284997,-0.9691425630515547
-3.135150383533563,-0.9999792486500314
-2.051018290333655,-0.4619760446963621
-2.525155493931077,-0.8159434221800964
-2.141503714446725,-0.5402274640229909
-0.5048906993566451,0.8752273496628903
-1.0322335954224764,0.5129027032623773
-1.7140119810109347,-0.14272657993216994
0.6086344564389323,0.8204295288713574
2.8994368311727863,-0.9708232734184492
2.758673437774365,-0.9275778832597574
-3.0016153414604254,-0.9902191618939179
2.061609594612481,-0.47134330537332003
-1.050033679950657,0.49754183283808856
0.7225817859692323,0.7501008353139129
0.8604483145306627,0.6520976507771613
-0.559937026016319,0.847288560244364
0.038965936736172324,0.9992409239393243
-1.5840857652263158,-0.013289047262083112
-2.157337079225982,-0.5534832703072378
2.4349226232123113,-0.7605282540165422
1.8362698867080791,-0.2623662678856191
3.1411423561947682,-0.9999998986161297
-0.8266255087295655,0.6773620558492472
2.094539543074122,-0.5001250840828096
0.968184543691077,0.5667961427302455
-0.5428165074599431,0.8562572134457253
-1.5006126512873903,0.07012607184291733
2.9720758089497608,-0.9856663932281349
-1.7229804860974687,-0.1515974078534419
-0.8155213367783936,0.6854889101480132
-1.516885968809787,0.0538842482607819
1.1675782715324328,0.39238034598859883
0.028825164749151533,0.999584583703562
2.8710476347513305,-0.9636253795733651
-0.5287986898739439,0.8634137501123188
-3.031334468070708,-0.9939277216609874
-3.1349628963282976,-0.9999780232398237
1.581964588807022,-0.011168029843877639
-0.2718520282977752,0.9632752496087742
2.590943977856467,-0.8521852881990407
-0.019613411156206517,0.9998076632172981
0.6630715677806163,0.7881052778910872
-0.0920645828087534,0.9957650488116796
2.782476455592401,-0.9362077987929599
-3.0395985068991753,-0.9948031045559668
-1.4027460347250869,0.16726042628703722
2.726573977107382,-0.9151087901653876
0.39500300088258067,0.9229954095947707
-1.5485230456272785,0.022271439587679673
-2.916688774106473,-0.9748155476645766
2.7949868464442815,-0.9405311608628729
1.719616043090313,-0.14827099826485735
2.917616971454997,-0.9750221274714049
1.4622214954981203,0.10836163470786274
-0.6086740007963076,0.8204069188360421
3.0620979375701864,-0.9968419586678953
-1.8704395265325944,-0.29517932354785437
2.3104885537783586,-0.6740605990000933
0.816542496763236,0.6847450635796144
-3.0564800425884515,-0.9963801077715116
-0.26845337715042517,0.9641822764459909
1.7555105629557852,-0.183665638384656
1.8360148121998385,-0.2621201205224747
1.1079923385991526,0.44645887906245163
-2.2331336260689567,-0.6149616238433677
-0.45582247820540056,0.8978992762206317
2.682158555800707,-0.8963035852490766
-2.02678156704519,-0.4403471032902519
-2.368702619849418,-0.7158958199852763
-0.38413928517252094,0.9271213386508396
-1.0980792636970684,0.45530705799348015
2.5559141552045945,-0.8333372276227007
-2.9253412581772142,-0.9767086473157174
2.9681561543307877,-0.9849975533973799
-1.9138335235980468,-0.3363488810595497
-1.6398374887006104,-0.06898632543236555
-2.869095451612096,-0.9631018097423294
1.3928295447529244,0.17702883608821385
3.0486189843959215,-0.9956810608763598
2.6881382205451523,-0.8989391734659639
2.5512451312615037,-0.8307472810489158
2.7607351945360543,-0.9283462451069401
2.899934773233415,-0.9709425576239635
-0.8351526539618099,0.6710645129905861
-2.741709863449839,-0.9211066313453442
0.05188820518336845,0.9986541090935478
2.3027690623284736,-0.6683383684494133
-2.7998747859858812,-0.9421803880714648
-1.8054693513498572,-0.23252498476155434
-1.2950949390243802,0.2722219033713699
-1.8602633673972475,-0.2854414794385668
2.42940648493983,-0.7569350463390326
-0.6744541310245484,0.7810479468587819
-1.6833799945507615,-0.11234598389762177
2.0039307617575277,-0.4197178439796181
1.9037197847732035,-0.3268073547591461
2.781180936442871,-0.9357517070173678
2.463811714577605,-0.7789661332014638
-1.4603103537489606,0.11026132372745297
-0.9044889139426946,0.6180874301752126
0.47459043050898675,0.8894799589047965
-1.3666743204541463,0.2027074722165978
-0.8802493994464347,0.6369589025354027
2.948278861560288,-0.9813730053656398
-1.6430045332718988,-0.07214547360048486
-1.7590288889577788,-0.18712296945670362
-0.937640342036345,0.5916919422005933
2.959815400722132,-0.983523958335268
2.757370814563444,-0.9270903975030065
2.12514707875427,-0.5263913929871329
0.6484888520366625,0.7969974154498222
-1.022566409692494,0.5211773718025067
-2.8835998337338333,-0.966904038085359
0.4081461457929403,0.9178582100042874
0.408784431067045,0.9176046822403917
-1.5052556528802148,0.0654937614576363
0.4004854184760078,0.9208718546367517
-2.3150420975719244,-0.6774171928947543
-0.8589439985809189,0.6532373870579734
1.4111187334360622,0.1589999097070115
-1.0296725116647862,0.5150995727768843
0.6970497274581744,0.766739473648795
1.9343539022591107,-0.35560152057933714
2.1415067237369385,-0.5402299963955428
1.5053594762510993,0.0653901606449327
-1.6419307264487835,-0.0710744236008362
-3.0732231711679048,-0.9976637172067421
0.817031147608553,0.6843888615684766
-0.2850755191197596,0.9596404171576445
-2.835467146274297,-0.9535083663228703
-0.8067265895796192,0.6918656238426364
-1.4893251906995033,0.08138103793298297
1.32011854654158,0.2480606120839068
1.8131800428811777,-0.24001734286527823
-0.7793035110774169,0.7114031918666879
-1.7768266429211015,-0.2045757939987104
2.013162786617568,-0.42807932887005956
-2.457598986380969,-0.7750553344528047
1.5270278160257051,0.043754537679048626
-2.9404893081666015,-0.9798467804365405
-2.425493790079575,-0.7543723514127869
-0.8739448030002488,0.6418064107578006
2.5157371245670728,-0.8104622550841032
0.40123009161213163,0.9205812770469112
0.4166126277488291,0.9144649355956871
1.4200037347440135,0.15022177754938532
2.9255161121495465,-0.9767461507743145
-2.230495454743138,-0.6128791376425639
2.102289076306131,-0.5068207323191759
2.9685605185401567,-0.9850672533129093
-0.8401269911764664,0.6673682573537035
2.6842412881181543,-0.8972252094146472
2.7026985762784124,-0.9052221659573492
-1.6937068832930335,-0.12260132177458395
1.5522698444116987,0.018525422592264296
1.1276010720240492,0.4288281978699068
2.8574171761929756,-0.9598931470977985
1.8002906894767268,-0.22748517234800114
-0.7218488393415745,0.7505853485992399
-2.3193777924297057,-0.6806001487561141
-2.6814148365955566,-0.8959735418418738
-0.6548046014166866,0.7931669418145355
0.19491112442902558,0.9810648867864025
-2.4916731633799616,-0.7961325193995032
2.406180882301844,-0.7415545619825962
-1.8051512277572532,-0.23221556904111737
2.042493713197624,-0.45439896813202363
-0.32215887465302373,0.9485540967667917
-1.73467232190526,-0.16314348841218718
-3.099356913291809,-0.9991082037023777
-2.8101892390699352,-0.9455866453373103
-1.8365891866902135,-0.2626743688869852
-2.2706599352789603,-0.644113363260562
1.6615951898904244,-0.09067415031723261
-2.0831633102582465,-0.4902416492383836
-0.5092895275912861,0.8730911238129759
-1.3252053487367124,0.2431296122706721
2.0768520917678437,-0.48473114907216647
0.5576956126576826,0.8484769191345026
0.3770492374872494,0.9297550892662855
2.9102345912530536,-0.9733558895296637
-0.6220778409446299,0.8126694019562879
1.7853670643341761,-0.21292802936625274
-1.9520187171695464,-0.37205538272034355
-0.1937466237413772,0.9812897612713064
0.17412481562270754,0.9848785384829759
-2.259410942315253,-0.6354680994549122
1.7260714329543925,-0.1546519015034785
-2.7377781599623883,-0.9195688629428683
2.0666025847294875,-0.4757409785509861
0.6053072150847214,0.8223273265313549
1.035830127737392,0.509811961246985
-0.6441605771708012,0.79960414504276
-0.32582462096137776,0.9473870955255869
2.0553851414379425,-0.46584455466247054
2.711940488446529,-0.9091106968803336
-1.1714832197072869,0.38878558022169984
-0.327054358210654,0.9469927525242561
-0.812717493617134,0.6875276437082887
2.367574879592701,-0.7151079686440586
-0.3342390932062438,0.9446601989065124
2.6469824009594447,-0.880153785333153
2.4446650839490163,-0.7668178881640162
-0.033338078070106025,0.9994443377430129
2.8405196948759457,-0.9550188582946612
-1.6684840248933928,-0.0975324017821567
2.735643520277427,-0.9187280069022343
2.3898744972122428,-0.73051662747238
-1.15761644123727,0.4015236470269301
-0.12175975894807234,0.9925964340941785
-0.6467128256218975,0.7980688471693084
-0.6730049694046412,0.7819520859075461
-2.0421033453360113,-0.4540511944984388
-2.218539797411612,-0.6033884799963697
-2.232930070359051,-0.6148010958164866
1.534980361237845,0.035808308693894675
0.2062528902027676,0.9788051688534924
0.4780161427137344,0.8879092806925786
0.00137676547697696,0.9999990522585605
-0.7006550970985352,0.7644199980600884
3.0156283108014055,-0.9920769767173755
3.049353953015177,-0.9957490262732474
1.6212201273838645,-0.05040243571829235
0.25847849021759073,0.9667800099658389
-0.9803122684771775,0.5567631814631685
-2.48611312215865,-0.7927557259282668
-0.27146422046092544,0.9633793097442186
1.0382589680798517,0.5077209625366973
2.2638489545886875,-0.6388885397915567
0.10725255610617168,0.9942539558889842
0.35068725846968984,0.9391368315992926
-2.0558917067888,-0.4662927376191684
3.003832878512985,-0.9905261191626713
0.6813614553958449,0.7767159247209304
-0.6198174311550639,0.8139845220162238
-2.554534680128348,-0.8325739095240206
-2.2016761078977187,-0.5898554171795738
-1.5553447835267262,0.015450928432363162
-2.8040462046789947,-0.9435700546764749
-2.3842923826644684,-0.7266932682416466
-1.5664164104317948,0.004379902359305495
2.182383568639266,-0.5741677175629437
-0.8425113837223512,0.6655906383376363
-2.8743868269951185,-0.9645124270104302
-0.5749328133197857,0.8392288389807196
0.19015362745673503,0.9819752096173323
0.955368670164658,0.5773077680946925
1.1044782723240845,0.4496005171000337
-0.35119698698334645,0.9389615957771271
0.7044295052445699,0.76198112770443
-2.9628983127152746,-0.9840766057164225
-0.15837519774041775,0.9874848407127972
-1.1934888122770635,0.36841871189591613
-1.8308150825985827,-0.25709867726765023
-2.6715497599566813,-0.8915488614369863
1.5713084136489206,-0.0005120868316429725
-0.9157678534684672,0.6091818237950107
1.5069797071165683,0.06377331231901501
-0.02726539868109512,0.9996283220437466
2.5399578524413977,-0.8244114342715698
-1.1718041964497152,0.3884898352539199
1.227669954410957,0.3364328597063816
0.9476129294156506,0.5836231105990805
2.043577881477785,-0.45536447612831993
-2.294099198962246,-0.6618641890760634
-2.007545097818097,-0.4229956642315927
-0.7176821769920627,0.7533320452728542
2.33872604791389,-0.6946474725550175
1.3512654880894512,0.21777174576947145
1.5244053640510034,0.04637432470354579
-0.07651655030899462,0.997074036755602
-2.362507401714061,-0.7115565640186551
-2.9071957495895306,-0.9726545911334802
2.4170694117638067,-0.7488154921306134
-0.5351846310754094,0.8601744821132018
0.1686324140806752,0.9858152165706835
-2.3549647616600944,-0.7062366973667581
1.2022754668893212,0.36023599412873625
-0.12791791483131076,0.991829653596858
-2.250031624870772,-0.6281982288729092
-1.4257605081168652,0.1445278724112812
-1.233889145519449,0.33056973251835453
2.240104601385629,-0.620443649151237
-1.763414873962762,-0.1914296689641281
-2.4120284419592366,-0.7454649456079472
0.715689890093604,0.7546407575937775
2.071515463018347,-0.48005651599002114
-1.434369368901487,0.1360041479766764
0.9108114062920238,0.6131049392181401
2.970032827887498,-0.9853196730487918
-2.1960972090684345,-0.5853412508794631
-2.7031784914159065,-0.9054259961807564
-0.7699934949312066,0.7179151980033706
-2.9970886894936,-0.9895774575676582
-0.3478231712689599,0.9401169164098981
0.4921780760993406,0.8813057075222985
-0.0635853857717188,0.9979791303775104
-2.3299652405966054,-0.6883188060548691
1.132790282951511,0.4241345843745408
-0.5411718866828501,0.8571055834264496
1.9694558843975454,-0.3881833636208444
-0.8777254311471423,0.6389025931324656
-0.31896729540403834,0.9495597661879117
1.4257529137828486,0.14453538700616442
1.574871613176927,-0.0040752751016747465
-2.2060058912510363,-0.593346215741437
1.1988931287565467,0.3633891795542428
2.6108629030269483,-0.8624379275693703
1.6572857748570549,-0.08638165875268433
1.1897744366762861,0.3718692687938362
-0.16925044793481714,0.9857113010121287
-2.2509973151496947,-0.6289492943784323
-2.651660079652473,-0.8823645890550686
1.2241628025095244,0.33973349494814087
-2.0362041053416933,-0.4487872454120311
0.6160504326390801,0.8161669403316393
1.176293724518759,0.3843490448352914
0.0528425239770387,0.9986041586796263
-1.52313856198021,0.047639726313933074
-1.2708334475413487,0.2954847436541524
2.702753510590709,-0.9052455083022823
-2.473997641643484,-0.7853128615230478
2.724962981999947,-0.9144580384144264
0.49657497129220474,0.8792194575356929
-2.674459519897542,-0.8928629869868084
0.25329984815597717,0.9680907524556852
-1.5578513878616738,0.01294457740256709
0.9444715213093016,0.5861711275606878
-0.8520189238112073,0.6584650239537608
2.1445799785769104,-0.5428136385711968
1.4523901719901922,0.11812967262980942
1.175912833922781,0.3847006505180513
-1.6486336870596208,-0.07775878579045782
1.4623439084350514,0.1082399417828895
-0.3503369501154925,0.9392571200677223
-0.8272143279973068,0.6769287736674393
1.273472900133406,0.29296212297897717
-1.0531745678881328,0.49481485137069875
-1.6218031426612245,-0.05098470137806303
3.1156685198817184,-0.9996639884647212
0.11341349484329699,0.9935755802643141
2.34719403204421,-0.7007139415754575
0.3813532509507911,0.9281618369256764
1.3634039575857484,0.20590885047275187
0.4047494099224389,0.919201105498768
-0.8998397955167645,0.621735452775931
-1.4220781364120527,0.14817059377771236
-1.1669479878780575,0.39296000484441634
-1.4653596116319816,0.10524146880221726
-0.8128757163638127,0.6874127403570669
-0.5025756473982526,0.8763448211925274
2.474323415729523,-0.7855145062944712
-1.054509049524492,0.4936547486812645
-1.1988533738870195,0.36342621639161865
1.6769005533284167,-0.10590524978435854
-2.0807633964873347,-0.4881485068731619
-0.9487468407069692,0.5827019716561183
-2.675552786658784,-0.8933547823934541
-0.9016908576735823,0.6202845859945827
0.14230591531298353,0.9898915892833425
2.557348215091155,-0.8341290684697807
1.8766103013707705,-0.3010694828118827
0.5265022824647807,0.8645700019440092
1.8187035673901404,-0.24537571838152433
0.148659520808883,0.9889705082294309
-0.12574104056949675,0.9921050057740958
1.2841944783129255,0.2826943224859229
1.1561383508913217,0.40287691497641187
1.9343499886513502,-0.355597862771408
0.6689679388181653,0.7844621438548605
-0.49069498205050754,0.882005569008269
-1.4874252244109618,0.0832745541248723
-0.1594420854112677,0.9873160156762697
-1.7505948990976214,-0.17883139642575333
-2.6800468169019678,-0.8953651559193391
-2.772811003187172,-0.9327672275510169
1.2984923345124066,0.2689512474759285
0.4349062094205398,0.9069095626362939
-0.9259059568075196,0.6011108295838558
-1.2954350199651619,0.27189465002133434
0.5010643929229075,0.8770717677156109
-0.12729130344542305,0.9919093952799312
0.6870781739304186,0.7731025711967692
-2.793515474416507,-0.9400303069440874
0.9468292829945826,0.5842592715584899
-2.523863704074404,-0.8151959168536678
-1.1128379195611924,0.4421178087292282
-1.83250546900453,-0.25873187350307114
2.83740990035412,-0.9540920476327107
3.0772529770955446,-0.9979309169257183
-2.5773039087590224,-0.8449692040261848
-2.6945241744995783,-0.90171834194955
2.633145404233968,-0.8735014727673441
0.602111019802317,0.824141805338395
-0.8229389379713372,0.6800694718476225
-0.0012908484267946108,0.9999991668552852
-1.6268431873289966,-0.05601752227026756
-1.0714485862269258,0.4788530251574494
1.3834167579043122,0.18628497505972366
-0.3752623055110442,0.9304115145990853
2.0967749876514157,-0.5020596231833465
0.9309030002204137,0.597109875662659
0.3432959712149155,0.941650382893963
1.0081850576429607,0.5333967955360939
-2.958792027363081,-0.9833384401348243
1.4323172343578818,0.13803692683448968
-2.258773587390581,-0.6349758513933719
-0.9099482312431086,0.6137866202935375
0.7685161168284695,0.7189428622106295
0.24756892392236685,0.9695110157668423
2.8377605754453885,-0.9541970209070862
-2.145243067354892,-0.5433704164112084
-0.9080165687938262,0.6153104675794843
2.96797590473897,-0.9849664320298146
1.1448623616600866,0.4131714802009488
0.41562120621411847,0.914865679850126
0.5739332265141055,0.839771973343273
-1.0601838114708895,0.48871172465840557
2.9812470300975704,-0.9871721602968662
0.35873987233888016,0.9363399910007523
-2.0003985778124145,-0.4165092292613328
-2.381637133516587,-0.7248666531993094
0.925087521653686,0.6017646934673001
-0.5120395394621613,0.8717470363901861
2.57386763816661,-0.8431264500399419
-2.376585465093239,-0.7213773791181399
1.1125719675689725,0.4423563405894357
-1.6496577269201051,-0.07877968411532746
1.6971927514861145,-0.12606014069805319
-2.0890815305463497,-0.4953912749549777
-2.821418395885591,-0.949180588023925
1.607699985282796,-0.03689528266579916
0.46046394452735484,0.8958464338030628
0.08300903870087861,0.9965567275842043
0.524979917617121,0.8653340069999109
1.8973337621978743,-0.32076535968325015
2.013645109007684,-0.42851517365744907
-1.7633941158621405,-0.1914092947156638
-2.29184575011931,-0.6601732712076355
-1.4708483682379192,0.09978163505908696
-2.372260043946949,-0.7183751036397407
-3.11239547214922,-0.9995737925768658
-0.612553802767613,0.8181823560973817
-2.133722721275432,-0.5336633225820324
3.1084399703493917,-0.9994505001293743
2.482994819809699,-0.790851146364426
2.94224114450053,-0.9801952070086561
0.8564445424971936,0.6551278156959287
-1.7068063392649582,-0.13559106488882733
-1.0775133295646615,0.47352004308136014
-0.9208572269466546,0.6051379229896595
2.917845185588366,-0.9750727902073879
-2.000412503040288,-0.4165218890840826
-0.5133951514302884,0.8710820450706175
1.4221537858784918,0.14809577892003373
-2.0789370439492485,-0.4865537251284222
-0.37374426582679465,0.9309668290790203
-0.7176617081548411,0.7533455062483089
1.1822041928839768,0.37888589066928596
-2.6398486321496306,-0.8767450992639946
-3.021886248160076,-0.9928437399184722
-1.5505845772948692,0.020210373394941437
-1.8433909715108885,-0.2692311791050392
2.0082073008998327,-0.42359561465116996
-0.8032068960807806,0.6944026443274431
-0.1767495067609297,0.9844204286842043
0.4995734893536494,0.8777869621594153
-2.1535800095107147,-0.5503502571186417
1.2967019108564308,0.2706752688104097
-2.7316344314957908,-0.9171374750792662
2.2471790606982402,-0.625976228966542
-0.21662615531616636,0.9766281665563684
-3.1367954526231525,-0.9999884934535097
-1.3547578138010068,0.2143619157499375
0.34222477305195387,0.9420103999092069
-1.1142571009615208,0.4408444192490773
-1.1403745067972881,0.4172541852608441
2.905828317825849,-0.9723360870528815
1.6345478956688488,-0.06370839379648684
-2.6663826061860334,-0.8891966392526469
-0.6536873990616039,0.7938468276870281
-2.281612275243339,-0.6524523381626651
-0.8999290061666079,0.6216655780842356
-1.0490992373315335,0.4983521883875037
0.17712144028566223,0.984354963280394
0.1610256204016114,0.9870633641704558
2.2175784106317495,-0.6026215458893793
2.453671216238263,-0.7725674304019339
2.215443416702321,-0.6009163907088763
-0.3348955181814586,0.9444446548785251
3.1162983835396103,-0.9996801170069574
-2.605908570535303,-0.8599196543966151
1.087267251025044,0.46490656575114414
-2.6349071374477178,-0.8743577663924125
0.4220189848898679,0.9122638176666209
2.897296390608356,-0.9703077805951826
-0.7801087059923257,0.7108370831248514
0.37546213765993786,0.9303382542240274
-1.7155194033232488,-0.14421840676304126
2.1494743845626205,-0.5469177029668739
0.9083058166812092,0.6150824321110162
-2.7301902988968707,-0.916560929533928
1.331778850477356,0.23674814928328258
0.8536918716566766,0.65720502359933
-1.136461559147771,0.42080702887492394
0.564081804671333,0.8450798606264527
-2.0036387202865336,-0.4194527532909351
0.9698571799329221,0.5654173356274956
2.2794191812421385,-0.6507887785557377
-2.9747992830644687,-0.9861222039671261
-1.517160215573784,0.05361039790270089
-0.35173583084525584,0.9387760853396314
-0.0028759741058697053,0.9999958643893218
1.4458929241079952,0.1245788891749872
2.421662715414077,-0.7518519249887011
-1.3794179613199928,0.19021227587612738
-2.3007822890445846,-0.666859174365793
1.5728287191615395,-0.0020323909674702188
2.269022198010532,-0.642859745561632
1.1351944942239491,0.4219561089448367
-2.383747153505857,-0.7263186084916886
0.662057634170715,0.7887289898452966
0.8563527813755005,0.6551971401227258
1.5707209082600313,7.541853479382198e-05
0.7873231779626706,0.7057442810185813
-2.8863104145535625,-0.9675920636470103
2.8512428493414994,-0.9581437895847835
-2.4556639982725583,-0.773831178090432
-0.6238071365343085,0.8116604835313953
-1.167504245514839,0.39244843427074066
-1.3253233111340454,0.2430151877841098
3.049496384242847,-0.9957621352231099
0.2796448690850726,0.9611535201398497
0.12317739874575873,0.9924232514509416
0.06104966965536818,0.9981370476369329
-2.8013696867014226,-0.9426802855155533
-0.951197838777516,0.5807083317584572
-0.3044344599476885,0.9540166278396123
0.17420841756230443,0.984864051318354
-3.0145506659404613,-0.9919410145511817
-0.9770206603016014,0.5594944046972328
0.5461606213369312,0.8545250278722477
3.1282767636787234,-0.9999113448479251
2.848741810746465,-0.9574247777950158
-3.1360679335228565,-0.9999847387729086
0.197140397752821,0.9806306851730123
0.20632386947514547,0.9787906302831955
-0.7306138247971861,0.7447649208683903
2.7289814235677508,-0.9160768366525794
-0.49167234532966564,0.8815445761438531
2.9343883198824035,-0.9786098762602786
-2.887555504477365,-0.967905721815142
2.9788241893672023,-0.9867824339369339
-2.1052346631051804,-0.5093577773828546
0.4179478356292887,0.9139238085175826
2.13396852961547,-0.5338711858394016
-0.8382870196356853,0.6687374049920055
-2.244192358097744,-0.6236442839120128
-1.13702746658582,0.42029359848749553
-2.282117076253259,-0.6528348082447661
2.899910162988527,-0.9709366677867354
1.3795679511357068,0.190065022287568
-0.8355682768632597,0.6707563126515006
-2.177459135553525,-0.5701289530262572
0.09320976836968642,0.9956591137296545
-1.2980705723660468,0.26935744535338196
2.670161345680694,-0.8909191554423597
0.32301469031214314,0.9482827852638397
2.8695162411026027,-0.9632149746350315
-0.28648058961296785,0.9592443221486519
2.4468428203923347,-0.7682138809344821
0.28577028854772024,0.9594447956090371
-0.6164799479955079,0.8159186841367199
0.5365289137737128,0.8594881211188347
-2.3791829396303497,-0.7231738042649313
1.572212985606571,-0.0014166583378203952
-2.51329709958099,-0.8090304995321821
-0.7345327799391503,0.7421439841937745
2.0333025183820688,-0.44619238962816055
-0.006157986058103582,0.9999810396637702
-0.32938746530470375,0.9462406536366874
0.7487078708196466,0.7325690231480348
-3.0613722756989663,-0.9967840706655164
2.315791425648145,-0.6779682076738871
-2.7834060238467453,-0.9365340881849382
-0.9963605005163458,0.5433612539153643
-0.8496474443641069,0.6602479730040041
-2.0858206853736014,-0.49255604798375846
-2.9765537447011834,-0.9864119637240287
-2.9437277607396073,-0.980488523922237
-1.546614171309948,0.024179798693905102
-2.467556642607806,-0.7813089824442295
2.260766899694265,-0.6365144864122703
-0.3061062424301815,0.9535141719378855
0.1663731751666897,0.9861918781952127
1.853888218900427,-0.27932580260148016
2.2652900622564314,-0.6399965191282992
1.3748953072750227,0.19465039928967406
-2.843527046661109,-0.9559063536342491
-0.2535430651349393,0.9680297736794344
1.8889240256132087,-0.31278875570128567
-0.690910374158543,0.770666208478463
2.949647565893497,-0.9816350305957465
1.4795881990637811,0.09108172142881432
-2.514671246603935,-0.8098374132510004
0.5390391610320808,0.8582022872601646
0.8283311060106251,0.6761063488952291
2.0865901351725658,-0.49322553943662667
2.2190617673839004,-0.6038046413729165
-2.615307657130667,-0.8646791704456863
1.930868140169931,-0.3523414422762571
-1.4199715613730148,0.1502535857496361
-0.4728956084891407,0.8902531709591508
2.6051082044657603,-0.8595108486291809
0.347521798602644,0.9402195972342526
1.9200515948778936,-0.3421981315889482
1.5262503426018723,0.04453125322333572
-3.055518070051576,-0.9962978695871161
-2.1424149455913963,-0.5409940579840408
-1.5697245281533423,0.0010717984363491425
1.1052391003785704,0.44892079278977287
0.7059786206766971,0.7609770078614402
0.7025018886735235,0.7632280342876661
-2.890724188629485,-0.968697194675943
-2.284468236613065,-0.6546140068752945
1.8822640550785241,-0.30645607427494964
-1.3468729783395679,0.22205671944335345
-2.90823627499368,-0.9728957332558337
-2.2998875249816617,-0.6661921438581809
-0.6909770517638676,0.7706237171920816
1.2825557611178393,0.2842658162123118
-2.112272474438962,-0.5154015356884812
-1.8820346742928726,-0.30623772213116474
2.2164407144204263,-0.6017132436603503
-0.19568489632604935,0.9809147294756736
2.1248613506234264,-0.5261484333375565
1.7687998951549924,-0.19671230024767195
2.1551239522039163,-0.551638690728482
-2.159153211986628,-0.5549949415536364
2.6369106675231597,-0.8753282876762482
-2.1122246831836446,-0.5153605804407008
-2.306707288518747,-0.6712626567225827
-0.6199709514580074,0.813895334543409
2.044453793192525,-0.4561441300239399
-1.0658537432696331,0.48375719009341456
1.8406281312747739,-0.26656933096952146
0.012482995426979393,0.9999220884243083
0.6167626249804732,0.8157552171286709
-0.9141055843546093,0.6104992118056706
-2.8517963776065187,-0.9583021109629588
-2.9936035151948004,-0.9890695780573537
0.7486896070250921,0.7325814550584809
3.025208379899208,-0.9932349917649486
-0.4892697072177832,0.8826763179826276
-3.0770771632640583,-0.9979195975002269
-1.0569751163353134,0.4915086151159752
1.0386907916182286,0.5073488899155908
-1.030135376805481,0.5147027818542999
-0.5717587526106933,0.8409505942887918
2.8325685288777285,-0.9526308155540326
1.773022091597392,-0.20085023458039933
-2.7547338617009363,-0.9260987457044584
-0.8754745495701433,0.6406325485625659
1.5316833865531283,0.03910296836453261
1.8965388168845445,-0.3200123190490505
2.102218064609712,-0.5067595153037351
2.914952317032551,-0.9744268262701867
2.3783086110052576,-0.7225696587931145
-3.066055140759389,-0.9971483983811947
-2.889847108601885,-0.9684790910864023
-1.0176542908610977,0.5253633071220365
2.1037559991048305,-0.5080847495235931
0.0933720584827955,0.9956439954885651
1.0105384960906916,0.5314046286446318
-1.4498834290062454,0.12061849008823898
2.3415767431509718,-0.6966952958087855
0.4738043538809986,0.8898389007794598
-1.8260800776426585,-0.2525199737564812
-1.4643348304062407,0.10626050366791123
-3.0195648418647267,-0.9925638409786816
0.253508481237839,0.9680384479633909
-2.45985687680985,-0.7764801035862147
3.0291980816393496,-0.9936903765097015
-0.985694277127755,0.5522844594955973
1.7942810135269447,-0.22162898810757092
1.1092861529425564,0.44530079526375815
0.0870681244788738,0.9962119648037109
2.04173557102998,-0.45372348586727934
-3.0575945984295045,-0.9964742371487475
-2.239874771396187,-0.6202633883603712
0.016873095604271082,0.9998576526996185
1.8544280725029187,-0.27984412734972447
2.7454678453927714,-0.9225631451647786
-0.368802543441467,0.9327596958401826
-2.220142565484968,-0.6046658276566652
0.4223648115115255,0.9121221114499892
0.7540562377444195,0.7289179683352898
-0.4181778136688834,0.9138304395321045
2.3672955412299164,-0.7149126793161722
-1.8545753367664262,-0.279985504700756
-1.8647700331493235,-0.289757737222263
2.2768608856391275,-0.6488442424921157
-1.3727959429905945,0.1967091779131071
2.9019609965394695,-0.9714254650427322
-2.4047082222009446,-0.7405657615147861
-1.951194355882879,-0.3712900755592257
1.4980751477062926,0.07265709995237399
0.7965682436537564,0.6991643932959846
-0.10232521383917481,0.9947693416420046
-1.4385790102576368,0.131832428730251
1.146296950956324,0.4118646420919087
2.334333396022658,-0.6914809254184978
-2.399901161535852,-0.737326950196185
-0.24337591287783544,0.9705299779575149
1.0584234041941363,0.4902468257020611
-0.6196480170749301,0.8140829206971794
0.2695689602781157,0.9638857786745965
-2.1456828526717135,-0.543739560571837
-1.661802438150729,-0.0908805428932837
0.9335858273756177,0.5949556742007257
0.020518509044015865,0.9997895027785666
-1.147931184155949,0.4103749058760243
1.9823607252440452,-0.4000435820254247
-0.8392881618961141,0.6679927220369342
-0.5177825186000438,0.8689188676086715
1.7780673024918547,-0.20579005676395945
0.16055537715677648,0.9871386494355068
-1.424663043649082,0.14561372704827544
-1.4914610042251937,0.07925212476829832
1.4133393968842123,0.15680710597310604
-2.9440583027224383,-0.980553447088632
-0.04725539641676457,0.998883671514813
-2.2249508127880517,-0.6084884925358873
1.5355437905099967,0.035245235108041284
-2.808670650769624,-0.9450914515335298
-2.670687273759957,-0.8911578887284846
0.5584279754333932,0.8480891015279158
2.8783633564369655,-0.9655547511561928
0.6000507973617939,0.825306931496849
-2.2919571499177063,-0.6602569409859462
-1.4835402040092303,0.08714544227506339
1.9040973514359036,-0.3271641663021461
2.4848248014345895,-0.7919697859249036
-2.0627280252377247,-0.4723294100599074
0.03959302838790579,0.9992162984376254
-0.6251014830127972,0.8109037378953081
-2.444900576473164,-0.7669690212444837
1.9834328103088534,-0.40102591373789603
1.2022120211325928,0.3602951794887549
1.5365263973489665,0.03426322191200134
2.6847784185186825,-0.897462262384067
-0.996895667685779,0.542911903830262
2.9485758542432015,-0.981430017945202
0.11967398649418959,0.9928476108893253
1.654608319233736,-0.08371390470301424
-0.7986781075405811,0.6976543679658268
-2.850907644696776,-0.9580477708890214
-0.9792285116969004,0.5576630999414613
0.9855346660531312,0.552417513147014
0.1250001385197157,0.992197649959411
1.1431608534488058,0.4147203653304444
1.3566643375517042,0.21249932201543006
1.3324042653135475,0.23614046806976435
2.5320279491378512,-0.819897306838254
-2.770061994143364,-0.9317727435620552
-0.1607398543628773,0.9871091409196978
0.2637572305983955,0.9654172483410939
2.0220410127394803,-0.436085970740345
-1.0157344198097857,0.5269959139674208
2.13195608355438,-0.5321684503104432
-0.7106322170069634,0.75794962406422
2.2863081289914184,-0.6560037891930005
-1.8402938335860781,-0.2662471147041643
-0.47765203002891043,0.8880767204365325
0.8906386154418744,0.6289156482435637
-1.522551215030443,0.04822639812934897
-1.3679239048368654,0.2014836720916769
1.3962235025703782,0.17368747039794366
2.6394587890457535,-0.876557535526651
1.4882130441051933,0.08248944504893847
1.13430798591033,0.4227596658839304
2.243340211065232,-0.6229779271856757
0.027669010386537796,0.9996172373524815
1.3573182391541563,0.21186030934627353
-0.9277997833579863,0.5995962713561701
0.9998059825156034,0.5404655557815391
2.848352515211234,-0.9573123222991983
1.986910720290707,-0.40420947949472813
0.7621358985022804,0.7233628922039934
-2.2997955206168625,-0.6661235260099926
-1.2854376495384563,0.2815016420112349
2.112704602553123,-0.5157717992269772
1.6702398735510826,-0.09927972792380423
-2.194955381965851,-0.5844150908920154
2.45778207151743,-0.7751710117456775
3.0098775773503057,-0.9913381030533444
0.5091865101280457,0.8731413460718027
-2.0810382410451185,-0.48838836192937307
-0.8420639878256835,0.6659244708878634
2.5503827136008477,-0.8302669075847834
-2.40772463242593,-0.7425893684261392
3.060791668159596,-0.9967373760411004
-2.470474159957085,-0.7831266068617919
-0.3818492065611401,0.9279771395876826
-2.0139407565435183,-0.4287822826993848
0.5058389366436571,0.8747682827033423
1.556472061440366,0.014323775506499263
-0.4296505015152463,0.9091113898709913
1.6834264932013046,-0.11239218805071902
0.23952742521974946,0.9714501986513387
1.044706349686173,0.5021558900419891
-2.884921656144506,-0.9672404434811981
0.4308986559523209,0.9085907592649556
-1.8512290972805387,-0.2767715391005328
-0.4797211432052504,0.8871236585515334
-0.06184588397428881,0.9980881528217651
-0.4449593565395409,0.9026281599484575
2.56245105468106,-0.8369327660280464
1.8470501461232427,-0.27275343051041073
2.42827895149118,-0.7561977333699299
-0.1972363591548465,0.9806118850894692
0.729391698310808,0.7455799223765064
1.2897571466008566,0.27735420894363655
2.1676808805873415,-0.5620684486339541
-0.11463032962180808,0.9934371348881728
2.999432310120076,-0.9899122246809905
2.1475337782948936,-0.5452920250275978
-2.4254476934969547,-0.7543420906587729
1.8313528088884707,-0.2576182907772761
1.5994633591630079,-0.028663106107574995
-0.21709430109651162,0.976527438224589
-1.0097736270099489,0.5320524076019253
-1.9443691927395375,-0.36494419742513023
-1.8672289360617866,-0.2921102749177183
-2.1596249516452732,-0.5553872981761375
-2.8575332481939713,-0.959925683284981
-2.795759347077767,-0.9407933044043756
-1.4593948957618244,0.11117115349963366
1.1418405623913284,0.415921400926191
0.9112304558849642,0.6127738355991131
-0.6504728078328506,0.7957975727055809
2.84975451263292,-0.9577166364733882
0.9943534177435716,0.5450451023041795
-1.431212421112608,0.13913107932693247
0.9101546541227039,0.613623642141311
0.810575993760092,0.6890811337048286
-2.093557292003054,-0.4992742595219128
0.8452880080896876,0.6635158332309007
-0.2798537462695996,0.9610958460765848
0.3256996428474257,0.9474270923873368
2.8732011720025277,-0.9641986918109241
-0.050370848884147446,0.9987316569977275
-2.0163279854594522,-0.4309377002224676
-0.8163996400985498,0.6848491680553755
1.2673603896098742,0.298800931965437
0.4780895685652675,0.8878755010419117
2.4225423605542193,-0.7524316122189144
-2.3503570362694,-0.7029670537706768
-1.5835031221340978,-0.0127064533964917
1.3205106785008391,0.24768071733765534
2.3856394663176603,-0.7276180040035525
0.4404650460791921,0.9045534839145517
2.3886363274483315,-0.7296705278955137
-2.2689003432156714,-0.6427664019770887
1.3982752612390534,0.17166653260126552
-0.6883307070665126,0.7723075069705503
2.636834927870784,-0.8752916628398149
-0.17343970243409057,0.9849970006258325
1.8371907863165386,-0.2632547954969765
-1.9700860549224448,-0.3887640404187312
-0.3386428237425929,0.9432063979103198
2.698380310528697,-0.9033787337590121
-2.3662813694466283,-0.7142031889275566
-1.8273844772623835,-0.2537818847943919
0.5465835391617024,0.8543052836183964
2.5301722719122193,-0.8188335008617889
0.2358955318777589,0.972305433077267
-0.6371313677583572,0.8038055893912087
-0.736650778637792,0.7407227521836175
-1.1302563820415097,0.4264279188666703
2.358835395710802,-0.7089717154015043
-0.6753315408377079,0.7804997292489821
2.5204321802679113,-0.813203632986678
1.608648599905603,-0.03784323466961881
-2.7764290237958655,-0.9340653411199897
2.4748940162342725,-0.7858674906667432
-1.6540654139634452,-0.08317289281168193
-0.1531532589885649,0.9882949458902457
-0.21699214203147,0.976549437480551
1.1172005410594883,0.43820053000157033
-1.1229836300365061,0.4329949443144389
-1.6815623491513696,-0.11053966114668257
0.8515670331161704,0.6588050547676574
2.2127873230580786,-0.5987912263032548
-1.4968670922405811,0.07386190919262371
1.129360959247414,0.4272376770187812
-1.7874956821260908,-0.21500734949246883
1.8692498955363428,-0.29404249168018304
0.07956281874279458,0.9968365482498016
1.622770294864896,-0.05195057174112688
0.7504302337156727,0.7313955371882088
-1.2383717024503036,0.32633587095240846
-0.3639196124147843,0.9345088595039431
-2.7523221104049176,-0.925186144787766
0.8760440201970132,0.6401951780542166
1.742177859979762,-0.1705438052422798
0.028236667288354944,0.9996013717971131
1.8247465459706733,-0.2512294354566167
-2.6356027696028583,-0.8746951324877711
2.8928102638143676,-0.9692129449841849
-1.360977604440579,0.20828260128028347
0.3720627646191428,0.9315794350914942
1.2201378599101202,0.3435162788980463
2.9415860238075107,-0.9800652606852933
-0.3021599053222359,0.9546959655419753
1.309700876003589,0.25813903009677125
-2.53068416919795,-0.8191272385252552
1.176556417665327,0.3841065164546106
0.6326051981026146,0.8064899291798783
2.360811986764557,-0.7103642945267946
-2.954243700797725,-0.9825014575909818
-1.3587638826553854,0.21044726112248235
-3.1311415411363743,-0.9999453876213356
-1.159124725543641,0.40014183067836084
-2.297199955364854,-0.6641854042459168
-0.09638467785627469,0.9953585918327997
2.773594238443195,-0.9330492814836681
1.8702987462451937,-0.29504481324215265
-3.1317866902121616,-0.9999519219263734
-3.0777155041720516,-0.9979605484954664
-0.2875073712486844,0.9589536706344286
1.0138006971978895,0.52863833626525
-1.3815257093766975,0.18814258801929457
-3.1285874032580248,-0.9999154329238626
3.131962245799782,-0.9999536279812975
1.4468884381212828,0.12359106894001808
1.457993937394102,0.11256331815965069
-2.941240226872213,-0.9799965005981713
2.908650489853734,-0.9729914345861628
1.8383452883920102,-0.26436839836942566
1.086085342860815,0.46595265470756564
1.2347646763613698,0.3297432960515092
-1.9799197932609562,-0.39780528780352525
0.9593162207630783,0.574079998138483
-0.22015032654016053,0.975864632599832
-1.928250574493289,-0.34989053283719157
0.07489485927745987,0.9971966907640077
2.666956992593037,-0.8894592888298212
-1.7171831624135685,-0.14586457235372413
0.6654228099281001,0.7866558160707984
-0.120370927328175,0.9927641630268637
0.22522502892960006,0.9747438770026883
-2.324536633150438,-0.6843707261481148
-0.969054594877163,0.5660791295935745
-0.7916797057727116,0.7026511388025746
-2.9909607686611723,-0.9886764528411138
-1.9186592796139268,-0.34088954217378653
-1.3261305877018197,0.24223203226207354
0.1633464495884942,0.9866886061855673
-1.8369601895269607,-0.2630323257026656
1.2829078910304634,0.2839281956241107
-0.4503478797902911,0.900295732150728
2.5187926049754266,-0.8122483415800451
-1.7004367396662494,-0.12927758135210646
-1.595356506922154,-0.024557711074929968
-0.4357927089719409,0.9065357015953993
1.8313434470061818,-0.25760924487748466
0.2843406838559184,0.9598468157092525
1.9560322711750082,-0.3757777991735161
1.2023932657946705,0.3601261016007296
-0.5062869195148174,0.874551128646512
0.37123479947290505,0.9318801124011963
-1.9645803410268106,-0.38368555390580167
1.069645656622547,0.480435029069404
2.8982054356445124,-0.9705272535956169
1.141766877224737,0.41598840912916285
-2.854659715123112,-0.9591164001751133
-0.8517894316852272,0.6586377249865576
-1.714683035340913,-0.14339073192617138
3.0043133236268735,-0.990591981705521
1.9447552735794513,-0.3653036228276756
1.7906068059800484,-0.2180446662829701
1.8211331936241555,-0.2477303396660719
1.3338747928166619,0.2347112738515211
2.0770437403129867,-0.4848987680989908
2.4482104513479426,-0.7690887103669942
-2.656950552019488,-0.8848417476851481
2.8441182488042642,-0.9560798058839233
2.5740738372394487,-0.8432373085201207
-1.3093062677519889,0.2585202440903611
2.462108658499732,-0.7778970755055895
-2.8130871810508093,-0.9465255780068618
-2.288523697704205,-0.6576743950632173
-1.3547127219122486,0.21440595922838376
0.28190029779439785,0.9605285453490435
2.2700525973646544,-0.6436486734767843
-0.8600769418900938,0.652379156393694
1.4834464236855416,0.0872388654374667
1.2391145157471248,0.32563363383395766
-2.323628320884274,-0.6837081623708904
-2.488097686548266,-0.7939638343178561
3.0483945955328036,-0.9956602035970813
-2.5990465046287037,-0.8563968357498555
0.981458701674617,0.5558105066716097
-2.025687491895877,-0.4393645490550278
-1.6863277282980722,-0.11527456364893202
1.0768548128792421,0.4740999506998646
0.7873289824971077,0.7057401686875605
3.1122478346962392,-0.9995694716980359
-0.7782953431722883,0.7121113545898485
-1.455318962512657,0.11522088648980257
-1.421746136342389,0.14849892099778034
-0.17788601473536714,0.9842199600210894
-1.0512834986530941,0.4964573018142419
2.9832312480323013,-0.9874870158384947
1.7903862960905945,-0.21782945682865926
-1.5110155135901107,0.05974521266344626
-1.4358607791928055,0.13452644476095368
-1.962813709527448,-0.38205353577261725
-2.3886702514127247,-0.7296937246448094
-0.01737113946592972,0.9998491255508302
-2.326208503721665,-0.6855887871636943
-0.4156205533919941,0.9148659434323008
-2.453540692494043,-0.7724845500246508
1.4769279752629165,0.09373056239291205
1.9020129599779114,-0.32519377479497785
1.5218149762851825,0.048961767072590465
3.0959385646153477,-0.998958033079429
3.0939970694726178,-0.9988675439936114
2.8797333409035293,-0.9659103148527007
1.229868984496857,0.3343612049001353
-2.5942099513291046,-0.8538896285999625
0.2554418767384856,0.9675517398431654
-1.71610949281226,-0.1448023022437612
1.0743315888023046,0.4763200648316601
-2.095213180343287,-0.5007083088951567
-0.1548220732786203,0.988038983479814
0.6853701448791454,0.7741848133713957
-1.0910509697497126,0.4615532935642992
-1.295251272055731,0.2720714710089838
2.338616809500138,-0.6945688877222054
-0.6571761271171512,0.7917204434497481
-1.2746078349123549,0.2918767960984048
1.1426018542288556,0.41522896123883246
-0.6383962066261666,0.8030525040090828
-2.0713012577185403,-0.47986859604289794
1.2318908469882395,0.3324550285735613
-1.8517501275261932,-0.27727217809969656
2.4096317378048893,-0.7438652953207742
-1.0870187042253057,0.46512660472118533
0.13043586305045007,0.9915052967969559
2.841675153551204,-0.9553608662800976
1.7832664299853063,-0.21087509872289928
1.0191298268620663,0.5241072345227183
1.495626860952946,0.07509869563863784
1.2927638312420582,0.274464234038849
2.9752429605428246,-0.9861957667196913
-0.28094153784556886,0.9607948130625801
0.12264216099917746,0.9924888718928092
-1.530274225040857,0.04051101284090645
-0.9286941927038486,0.5988802334643049
-0.3426449283289963,0.941869319512439
3.1290246745624266,-0.9999210239911407
-0.04430218079056791,0.999018818883326
0.38542736801299826,0.9266378460792196
-1.0390962260843888,0.5069994688297838
0.7964618723020753,0.6992404407023564
-1.0859602312057945,0.46606335106068864
1.3795906315850441,0.19004275521981337
-0.6863930772928502,0.7735369335272732
-0.6147433296619762,0.8169215081337582
-0.9333359467564408,0.5951564992986896
0.40893206454946096,0.9175459887862222
-2.221017747306603,-0.6053626601813853
1.0908016651169277,0.4617744404703654
1.2002237763593193,0.36214917709232536
0.8778613275959914,0.6387980437744877
2.8942047603299956,-0.969555361033188
3.086424274203435,-0.9984786108853331
-1.227037028669395,0.337028823169256
2.449976993133827,-0.7702165808763091
-2.6176094302916386,-0.8658331159399546
-1.664532234527397,-0.09359870084228343
-1.9435478936762416,-0.36417942085848987
-1.00141785831745,0.5391086765424137
1.1477196163796526,0.41056782892138327
0.46393209767570864,0.8942999276037517
-2.225142934693884,-0.608640942082834
-2.07509089870727,-0.48318994734107984
1.34286022307899,0.2259674929531629
1.5533464572937197,0.017448983939757263
2.754215240279126,-0.925902955048906
2.1728476615766157,-0.5663343238609971
-1.2509223295107066,0.3144469518786759
-0.2666426201067118,0.9646609816384091
-2.190196237609034,-0.5805466562887479
-1.9538304297369908,-0.37373642188794054
-1.6532822009614088,-0.08239236810881209
-1.2550856275943758,0.31049212315395375
2.2303009466035837,-0.6127254302567586
1.9743678704207053,-0.39270546114437477
-1.2121084493588923,0.35104591903836596
-1.4064064397226634,0.16365047386657383
2.0861709626141787,-0.49286085729139073
1.1632528221614917,0.39635522452099553
1.1550695520606098,0.40385490726498474
-1.3368758215681098,0.23179302590097214
-3.078101408895011,-0.9979851079190295
-1.8544702664117472,-0.2798846351707572
3.124606558872853,-0.9998557397617698
2.335698390611647,-0.6924663458075302
2.7627098774448697,-0.9290784571125689
-1.8127228171998417,-0.23957345745764866
-0.7242800915063237,0.7489766248008293
-2.178866370535108,-0.5712845093713231
1.0922851429498994,0.46045809187524406
-0.8032447298263081,0.6943754191717232
-0.5204850278277111,0.867578076915114
-1.8846849479405434,-0.3087595851179191
1.611014098867832,-0.04020693111517855
-1.8073302168592646,-0.2343344410944657
1.6011601086700464,-0.030359116395297866
2.0608410536759667,-0.47066535169723406
0.37524045963149577,0.9304195212544286
2.317338145501256,-0.6791043764465785
0.8324445486773109,0.6730698362442796
-3.103843918214673,-0.99928760109023
1.0418162131901667,0.5046531132445932
-2.359174079730198,-0.7092105272080912
1.2472235032451842,0.31795599632706756
-2.347368253783775,-0.7008382281058708
-0.6510521130951687,0.7954466335147908
-1.9496364961465824,-0.36984312646571854
-0.10455399192668402,0.9945392086765662
-2.839602168564158,-0.9547463684323093
-0.08722416869674143,0.9961983833572882
0.23863871590529184,0.9716606555663823
-0.671204198589507,0.7830733073043101
2.2133757861032857,-0.5992624256851544
0.2326453252010836,0.9730599142876556
-2.1137364330921216,-0.5166555205632689
-0.9689993441625462,0.5661246747062789
1.4602082020189604,0.11036285202522748
1.7989306575645427,-0.22616058839216951
-1.7669605181756303,-0.19490853063549984
1.2057880678251243,0.35695700936464453
-2.244514652543137,-0.6238961917483439
-2.026402719403286,-0.4400069318225831
1.8904479884888596,-0.3142358864805533
2.005546180870243,-0.42118353833928923
-2.9367874687530344,-0.9791006239096164
2.17970955699644,-0.5719763532668153
-0.40271941254625476,0.9199986004671594
1.9699072400225885,-0.3885992853575026
-1.7856433085516732,-0.21319793059213288
-1.7334801275961305,-0.16196715104052561
0.3377210556738559,0.943512215248728
-0.33430833334945254,0.9446374823808034
2.3731077759491743,-0.7189645752564134
-2.379317312750951,-0.723266604693689
1.8838686360853645,-0.30798305537894616
1.9417099635531576,-0.3624670894541356
0.7326294224802958,0.7434183463404962
-2.7214716644987273,-0.913039599062778
