-0.8769466334121385,-0.7687898330919787
2.5484369219734644,0.5589804740349793
-2.5747280605387064,-0.5369896983922782
-2.9667699114366206,-0.17393358435324116
1.0003999282295464,0.8416869996532191
-1.7647583574714873,-0.9812482647519802
-2.1111437235981736,-0.8575300204113789
-1.7092528556440088,-0.9904301974017476
-0.6806819058533526,-0.6293231091727127
-2.661059020273147,-0.4622524398123491
2.3537036821264836,0.7088658531511337
-2.2652819964784117,-0.7683829698345335
3.045624363457126,0.09582104802418276
1.2786861309243864,0.9576383272619097
-1.1259325671843903,-0.902669302768345
-0.7777536298845478,-0.7016806711809872
2.8832606104592164,0.25546829822772493
1.6764736643431402,0.9944213447934523
-0.11317167672079753,-0.11293025081033338
2.7177650816936527,0.4112523711884141
-0.6036386921377792,-0.5676418710292976
-2.998035838887984,-0.14306423935719462
0.6724045318276897,0.6228689141639908
-3.097675353623188,-0.043903183897906685
-1.7176418139322172,-0.9892375620628929
2.692341248520999,0.43429134216143467
1.6268766783875117,0.9984279091669929
-2.113216456735349,-0.8564618948605329
-0.16680392917273412,-0.16603149162147163
-1.48219839124845,-0.9960777695754974
-0.12043007818554852,-0.12013918154104278
0.6702301355604461,0.621166355828888
-1.2131463851646354,-0.9367221035539753
2.465150829097836,0.6260223092046369
1.941356962606715,0.9321244645343172
2.292756478526595,0.7505117916703702
-2.0089222933421924,-0.9055482988150156
2.51782385042901,0.5840983745047328
2.5608520275464626,0.5486432924550996
1.5017519287056178,0.9976173822923756
-1.3502542826733481,-0.9757790158869551
0.6421351875143917,0.5989067035944848
-0.2971992066149438,-0.2928433509452851
-1.435931577153044,-0.9909195255291491
-0.9631279069733827,-0.8209814751387895
2.0440648529685195,0.8900832577284103
-1.5874625215088323,-0.9998611221915052
-0.6925636338382746,-0.6385122807083299
-2.8123266431316822,-0.3233485559833117
-0.7258779674874933,-0.6637923451545122
2.9066941545053195,0.2327442732171536
2.2051833169402855,0.805435168847171
-3.079101019877472,-0.06245096788760259
-0.5016130776521095,-0.4808405230715948
-1.869403630701293,-0.9557471323436291
0.0022681353801012882,0.00226813343538811
2.6505189425599145,0.4715729872296755
-1.9826596100993337,-0.916376509099656
-0.9172099128680653,-0.793908234493395
-1.2334802199674741,-0.943646312721461
-2.6539881254132887,-0.46851093639867053
-0.670326654338687,-0.6212419926493719
-2.963499234806008,-0.17715347126708772
1.3751431590942342,0.9809208982452524
1.334686703447928,0.9722553746618864
0.5684291043292582,0.5383088448524043
0.9380828572561217,0.8064259092014163
0.70743036288671,0.6498829063048751
2.7985288517013682,0.3363739359457488
0.180761083998481,0.17977830919378762
-1.3312158296536865,-0.9714376063111194
-0.06067058801423242,-0.060633374264601546
0.26956139596693607,0.26630869724425926
0.6843320486409432,0.6321555961634867
-1.0298750471203726,-0.8572346543990056
-0.6800581721621666,-0.6288382560408166
2.255730118798538,0.7744609334070184
2.5215115508792385,0.5811011663752073
2.56571665930574,0.5445697095896193
0.08416447689814799,0.08406514667429874
0.1644471090981261,0.16370692417914337
2.413967189179293,0.6650983134833401
0.42271404669244017,0.410237114244639
-2.2419468759730687,-0.7831066723242767
2.334008560325663,0.7226192983938307
2.3698644081191063,0.6973749242534434
2.6680834492496706,0.4560121857294903
1.1131014891568567,0.8970734883770771
0.7042759867104254,0.6474822428506948
-0.9270658933853455,-0.7998623841955342
1.4332523518099363,0.9905557307292349
-2.830482773033016,-0.3061154248483117
1.6563381954309877,0.9963435248321832
-1.6099689341010859,-0.9992328515246188
0.2130407451902192,0.21143287433996283
0.23701380351114798,0.2348009648478192
-2.47341686461572,-0.6195550984628428
2.108768741271591,0.8587493722794515
1.4155291118218578,0.9879702428267516
2.4701178155627224,0.622141321248916
-0.2910441740377774,-0.28695264241292573
-1.485291581142296,-0.9963466958436135
0.09003848722436869,0.08991688058773059
-1.8546793502509988,-0.9599751002158992
-2.2101631548708354,-0.8024737244629045
1.6316411272458415,0.998149526119762
-0.9081316780588549,-0.7883556877759127
-1.199886978402585,-0.9319981257621884
0.8438365324170483,0.7471983762702175
-2.25328536940773,-0.7760052190757695
-1.623545233373351,-0.9986090989813093
-0.16191621691260272,-0.16120965457436628
0.9421466844915853,0.8088223275235292
1.9106443184817135,0.9428053474466025
2.8376331694232295,0.299300519971859
0.7239415291372668,0.6623428065069973
1.7530572345292228,0.9834364092280412
-2.610335414724677,-0.5066176959657508
-0.052268947174209046,-0.052245150258015766
-1.994781652017967,-0.9114566353927704
2.2976198348681285,0.7472889453550325
-0.03329629096977449,-0.03329013902752399
-0.7882515538664072,-0.7091215516264404
-2.905381499969543,-0.23402067871183782
2.9850658993936596,0.1558883695272522
-0.4236345073915686,-0.41107638107374056
-0.3246857247874049,-0.3190109469595035
-1.913987666087218,-0.941685596066833
-0.46262673072709326,-0.44630026133055656
1.697625369233637,0.9919679723313622
-0.833921951345987,-0.7405725189070135
1.7946001636888713,0.9750602812337732
2.1118234842080152,0.8571801303977677
-2.9803922887853753,-0.1605031244357408
-2.1117853505780237,-0.8571997692316389
-1.6652388690880986,-0.9955436169332864
2.278867383901268,0.7596178144673776
-0.5777254147664568,-0.5461199151750449
1.5435512486187202,0.9996288758153858
-0.012594973937510634,-0.012594640942961562
-2.2021063463130597,-0.8072550240524109
0.9725437602889349,0.8263210294870486
2.639690659157318,0.48109382756403557
-2.667326033846041,-0.4566861345243961
-2.342477943872204,-0.7167390221907013
0.9042292680416422,0.7859488514039639
-0.37446036926830395,-0.36577034527203456
-0.5504596443807763,-0.5230790318080625
1.2337022401224758,0.9437197682860755
2.1075709156012543,0.8593625169842768
-0.25459186177232684,-0.2518504472537382
2.4578222107688017,0.6317203410164925
-2.2404335251318943,-0.7840469090394238
-2.6981237793204746,-0.42907536585531136
2.2869818673119964,0.754315449738318
1.8202914259927958,0.9690372126628983
-1.764207930146634,-0.9813542099415422
0.36405186631747455,0.3560634599668939
1.1694459922267209,0.9205343093808209
1.0447257898608253,0.8647868788401767
2.537392285678619,0.5681041954221067
-2.7362738546978975,-0.3943117491689707
0.8496315616880397,0.751037191077651
3.0409098481858337,0.10051278754272316
-1.7023940189162388,-0.991353512814434
-0.7607654735279112,-0.6894760859980106
2.5079902071561166,0.5920518046175121
2.489971050603896,0.6064765413372444
-0.9793923287453916,-0.8301587305864311
1.1828947182289484,0.9257048070848658
0.8999752833707761,0.7833115452851055
3.0225843229244242,0.11872761070798282
1.3634059877475515,0.9785715934125998
1.770046927622288,0.9802151852571759
2.597874826639594,0.5173212435072951
0.839182929315641,0.7440975071601099
-0.2868142879171316,-0.282898090146544
0.8422251301799322,0.7461264669836859
2.7537792696425862,0.37816508684200717
1.9370176156881875,0.9336871264197757
-0.5625533141604842,-0.5333477725325786
-1.5999696402616188,-0.9995744890707026
0.5455898356668625,0.5189223848706714
-0.004105551537688434,-0.004105540004140938
-1.1122822373140702,-0.8967111752344374
0.27745089303927806,0.2739049202382271
-1.5379889696875142,-0.9994618869276872
2.98809881217682,0.15289182269596513
-2.4479555701609628,-0.6393380519663049
-1.9922130075091655,-0.9125103578582391
2.872929931708369,0.26544236884235795
-2.457438225967503,-0.6320179580611639
-3.041871851277082,-0.09955560989757417
-2.8616216881131358,-0.2763277446610761
-0.3084637394144494,-0.3035952445073618
-1.9535124719347454,-0.9276537374012458
-2.1388617040041167,-0.8429433834527489
-1.7715354746060135,-0.9799194641290964
2.762266652726101,0.3702944660481599
1.1512385424186968,0.9132691690701458
1.8412329009227602,0.963654356479339
-1.1600075839250004,-0.9168061373064422
2.257440770437565,0.7733776053593873
2.0802738950532307,0.8729994278222549
-2.316269774147777,-0.7347668360484892
1.7190633638726087,0.9890285638304274
1.115079921800536,0.8979459646990572
0.2651145867017064,0.26201985319635096
-1.411336455615836,-0.9873131917201181
0.9586544210752033,0.81841911052076
1.525252249009469,0.998963047750571
-2.7497571197469926,-0.38188547558845526
2.3192257532995377,0.7327585297749112
2.4478510146939865,0.6394184438655948
-0.6124258443626975,-0.5748541110921093
-2.426721010567558,-0.6555204898102169
-1.8998763827132372,-0.9463400446360908
-0.1528680530453408,-0.15227336186868692
0.03225147689323471,0.03224588608000571
3.0760105745342896,0.0655350776445885
-1.890072170002374,-0.949462964683134
0.5725697368511256,0.5417937285718052
2.1857932025251987,0.8167752494708647
-1.0743419937102288,-0.8792769252290097
-1.0834454464276506,-0.8835765054005954
1.9876082391198482,0.9143842739151519
-0.21594600673594044,-0.21427155894733807
-1.097268085460661,-0.8899648500664402
0.08972617464378807,0.08960582871997044
1.4910552988339703,0.9968223685476281
-0.985533769763002,-0.8335670733213953
2.9444477882071176,0.19587030282798945
-2.9579414742264687,-0.18262056190215206
1.58771894694471,0.9998568158807117
-2.630972195769843,-0.4887186540364683
2.131178004668344,0.8470523072866976
-2.8650894240760847,-0.2729933755659468
-2.571756652108692,-0.5394939709647614
1.5201357264055098,0.9987170262149456
-2.89949285460591,-0.23974171538714553
-1.6482680470306452,-0.9970005669154723
-2.4289961846254893,-0.6538006346671125
0.2455568102535035,0.24309646956971395
1.1220233876485546,0.9009801535065743
2.0892753402732573,0.8685739235725382
-2.1091616272337204,-0.8585479928668397
1.438305199506786,0.9912358822248948
1.3397310749155453,0.9734229891263597
2.337405413464827,0.7202670719777179
-2.1167125736979773,-0.8546519329338246
-1.7395393696178902,-0.9857966432384877
1.5837991208735556,0.9999154648641324
2.0110524932493083,0.9046425221331283
-0.5533222822877661,-0.5255166662467894
-0.7545488923271582,-0.6849600700600744
-2.6342240900641127,-0.48587898762271853
1.3753888881900274,0.9809686401550812
-2.4404186908916987,-0.6451151393026209
-1.843277466050766,-0.9631061326961989
-2.393326361546823,-0.6803692014294743
3.0503148898768773,0.09115106774229431
-2.7479824174520835,-0.38352507033340516
2.9302413413895687,0.20978133422262393
1.7934515069195482,0.9753145710261716
-2.230400259836327,-0.7902350048551661
-1.20344834417753,-0.9332830762746335
-3.1076958566014925,-0.033890306165000085
-0.3786353002705858,-0.3696527760274009
-1.0914501481312784,-0.8872966542481132
-0.2073186905956823,-0.2058367501465449
-0.4365729525891333,-0.4228363430370152
0.28393108980590176,0.28013149874634397
-0.9296972905381886,-0.8014389341560831
1.4479439774417502,0.9924631365882775
-1.544688042329465,-0.9996591981005513
1.5992363586528384,0.9995956095521715
1.9712273485536755,0.9208930606720372
2.490217818278575,0.6062803175550301
1.6752957194074645,0.9945449053755052
2.693989975549668,0.43280562466069994
0.1399561861216716,0.13949972930713608
-2.2616291540383706,-0.7707156220829786
0.6311517998197234,0.590075052882604
0.18031776406883315,0.1793421945568128
-2.9771158834897475,-0.16373618495300876
-2.173329383080969,-0.823902697442951
-2.0882494930916824,-0.8690818348980025
1.4823341911498744,0.9960897762473926
-1.7637564064140179,-0.9814408963753013
-1.9224774367604138,-0.9387949368029053
-1.6724247617181913,-0.9948402738518176
1.2294130128513094,0.9422924463234369
2.65610424448165,0.46664038712890926
3.0135053092502586,0.1277373901902143
2.9388782747858775,0.2013288675909398
-0.08677643668714197,-0.08666757108700716
0.6998291984357605,0.6440870415994042
-1.7057929334578579,-0.9909017879091304
0.1183391455812095,0.11806313232784046
-2.9668102661593774,-0.17389384460035295
-2.3866226262103196,-0.685266840143037
0.5986580140891626,0.5635343765209304
2.931938230705553,0.20812190230268274
-1.1881661967109272,-0.9276858555598296
-1.0871269325046273,-0.8852945052669876
0.4293874137383549,0.41631390431561144
2.463660542234045,0.6271837469588549
3.047711592223668,0.09374321626571597
-1.2703707761263765,-0.9552106438053443
2.2711753383398996,0.7645979664146816
-2.57907800691682,-0.5333150634583167
2.138446576900736,0.8431666501416287
-3.133319987451197,-0.00827257177950342
-1.0465962840868213,-0.8657246137039919
-1.1932103822517872,-0.929557351318764
1.241648595585377,0.9463181716702005
-0.7622633992961005,-0.6905602723628743
-1.2948533844169037,-0.9621687166862161
-0.16004765496984197,-0.1593652527197391
0.6787263443558884,0.6278021543907402
-1.745922071078196,-0.9847046380169496
-0.8842487829131036,-0.7734390309097624
1.6164792649605104,0.9989567160376687
-1.9175948145669959,-0.9404656883645355
-0.17418284243682125,-0.17330340281417525
0.4268028610182606,0.4139625869868788
2.546490489047329,0.5605933589858919
-1.8540850437368441,-0.9601413872263204
-1.5864500791255352,-0.9998774825208228
-1.5912088069031607,-0.9997916725617036
2.8570336682179622,0.2807341991403939
0.29846432144316903,0.29405276901321453
2.138676482060724,0.8430430188203595
1.525858667112547,0.9989904732742466
0.9996358643604699,0.8412741856992348
2.5553707549265017,0.5532176815332254
2.4768089782234552,0.6168888888060923
2.110504096059725,0.8578588910768576
2.6210927783995457,0.49731387702420043
-2.615150982248058,-0.5024599961050729
-2.812935955314996,-0.32277191610366185
-0.32458058230481157,-0.3189112963001415
-3.0142184001881454,-0.1270301084580074
0.878123316160945,0.7695417910969937
-0.7792609857521291,-0.7027538519694102
-2.489285223015184,-0.6070217011258754
0.866852922447694,0.7622958362324276
-2.0134614563654516,-0.9036132675147396
0.243084538270816,0.24069762003818843
-1.1199723232711625,-0.9000883835668426
-0.8217152617005699,-0.7323149415011587
-0.9841629974774491,-0.8328090507742489
-2.18586040859186,-0.8167364726849363
3.131032703775735,0.01055975355401487
1.517344982284217,0.9985718169656597
1.6795574627052554,0.9940913355626614
-0.9149812583684973,-0.7925511582654033
-2.1450009353254718,-0.8396245984718509
-0.9860101593726984,-0.8338301450430415
-0.4999673917839442,-0.4793969219475376
0.13575429278419948,0.13533770237236495
-2.974122650169144,-0.16668828418028586
0.16829229819702762,0.1674990183130427
0.5420120817950074,0.5158607297793153
-1.738838249687218,-0.9859141493847068
-3.1153739746672517,-0.026215675155567532
2.2418946227774574,0.7831391668591887
-1.9741867640120487,-0.9197354042688577
-0.8397157153012804,-0.7444533404148589
1.170056878452015,0.9207727874705912
-1.7596728930560723,-0.9822157858317739
-2.7267766801131916,-0.40302151788444446
-0.023514368700344512,-0.023512201811101356
-0.08172269846463553,-0.08163176330782934
-0.6301529236404702,-0.5892683175611955
-0.7770923184356673,-0.7012093389496235
-2.854133304433838,-0.2835167417158867
0.0043341304198438735,0.00433411685064309
0.6315940880299711,0.5904320758330184
-2.8628147737426026,-0.2751809172580743
1.6407533013183881,0.9975540086542847
2.771136936371148,0.3620402720252448
-1.4443236080218484,-0.9920129804864644
-1.2381429620696867,-0.9451792099662926
2.4060135384326546,0.6710166485983498
-3.0008164603335787,-0.14031167150983076
1.870259824723333,0.9554948988316788
1.8731557527838554,0.9546365725908564
-1.794108999096563,-0.9751691727792899
-1.355649900695276,-0.9769451441017025
1.0420076422664826,0.8634187977306809
0.7611454197881509,0.6897512345111088
-1.2895672497540642,-0.9607150501138579
2.71773426646324,0.411280459738914
0.9384438996835547,0.8066393537132612
0.39891846406420584,0.3884219541835972
-0.6838579042366821,-0.6317881383721182
1.6865150640216182,0.9933120550192072
-2.073655210809744,-0.8762083554145425
-1.5278084811185464,-0.9990761648423396
2.8608131203878253,0.27710473914454103
0.7530669875945848,0.6838796313038411
-0.29238107899393206,-0.28823306670389376
-3.0953949262279634,-0.046181296352591085
-0.7557028963853734,-0.6858003987625831
1.719221400308486,0.9890052056412666
-1.3718906029523068,-0.9802833901241981
-2.407480373064093,-0.6699283538912668
-0.033341290548345004,-0.03333511363044441
-1.0514942360445083,-0.8681657455461363
-0.8127118550165218,-0.7261543286032096
2.3567627869986314,0.7067048204986804
2.9804236520840304,0.16047216767289846
-0.5282669544977239,-0.5040372988694242
0.9844280940174057,0.8329557684483673
2.6554117971043896,0.4672527083114478
1.391638911207572,0.9839941910590964
-2.7047413152862494,-0.42308860147114724
0.5741153403682535,0.5430921784185526
-1.889178111159968,-0.9497432115428655
2.7015833678808736,0.4259478663082255
-0.7458983149197684,-0.6786318772456186
2.160319082645537,0.8312061045048565
-1.5427527266197945,-0.9996068040144921
-2.902370470569228,-0.23694703142875465
2.361225810170807,0.703540165825854
-0.05346676732256306,-0.05344129676487566
-2.8102217279923316,-0.32533967714445705
2.076710146903995,0.8747319961051143
1.4009087102340532,0.9856037739797672
2.732640499755848,0.39764810778945425
1.8799118707937046,0.9526030083048977
-1.1226377158027727,-0.9012465160747357
-2.3021863904567015,-0.7442466914550673
-0.3593182269937669,-0.351636082262447
0.15947612472670736,0.1588010008129559
0.11993705821774103,0.11964971790684788
0.8602154067979768,0.7579830847781065
0.9833228126019264,0.832343663832743
1.4959335852904285,0.9971990934575999
3.1363117950612276,0.005280833983638724
0.4599835927808029,0.4439334051760267
-1.9501992409788356,-0.9288859413747309
0.25073798423474924,0.24811893391103415
-1.8002052197707854,-0.973800984009856
1.4105830522005123,0.9871932823974549
-1.084341875869447,-0.8839959364350557
0.3614306242603371,0.35361278902222304
0.9696709136326023,0.8246996363059377
-0.32066218206872144,-0.31519505827665995
-1.8831065821628599,-0.9516262657259827
2.430317296174813,0.6528004230854764
-1.4154916873981556,-0.9879644546683657
-1.0177124956594361,-0.8509085917065943
2.516815797264104,0.5849162970848438
1.5418356328427016,0.9995806684126779
-2.646237903047593,-0.47534379075045813
-1.3295352702698262,-0.9710374461418056
-0.3897737401834296,-0.3799791356391307
-2.0668362903896593,-0.8794742184478517
-3.123607983777292,-0.017983700309556545
-0.6766253571667309,-0.6261654183848493
-2.1483486468040045,-0.8378015301203411
1.3039790069347026,0.9646149345471019
1.5052073424016825,0.9978498135555504
-2.49814741537307,-0.5999553026023179
-2.0103460818488212,-0.9049433485991055
2.554557846035209,0.5538946816359646
-2.922472969649224,-0.2173704404356145
2.4210679016878576,0.6597790926540378
-2.2577018071057293,-0.7732120959535336
-0.18466193237920514,-0.1836142241031289
1.2317119550569418,0.9430596205012737
1.4753520291396685,0.995448649683874
0.9051124614658779,0.7864946158051105
0.09750544202590028,0.09735101302383857
-0.6181652571702667,-0.5795409257488472
-2.4157187444227404,-0.6637893098625128
-2.376248648553465,-0.6927851167453547
-2.935016980963711,-0.20510958615646088
-0.6551433447003969,-0.609272916288268
-2.946306701217344,-0.19404705994516772
1.6494801546969775,0.996906024378513
2.1037517373223835,0.8613092460606675
-2.7640976623035947,-0.3685929950665286
0.6615272564030596,0.6143226571472129
0.023237437192649146,0.023235345963080294
2.7198370774090828,0.40936282106220656
0.5418292064183068,0.5157040568548876
2.8337129223148514,0.3030387491709797
1.5955851498797173,0.9996927728577432
2.9851479290680176,0.155807342167619
2.180086480020755,0.8200544594267781
-1.957042293471116,-0.9263297792287971
1.851045589369928,0.9609865233348317
0.8604203394710401,0.7581167411576477
2.877369411716618,0.2611595457698186
0.6644371806484348,0.6166161430251694
-0.8051416138651049,-0.7209287899317652
-0.9303189411294737,-0.8018105739543226
-1.591244153171087,-0.9997909504822675
-2.486897361087858,-0.6089175674039365
0.27758400156740803,0.27403293584010946
1.8793276093913223,0.952780587499228
-2.2866404056180736,-0.7545395795094555
0.9567246350314855,0.8173086902425468
-0.5023286264413729,-0.481467798873271
2.489424924637526,0.6069106763833922
0.2824924559371462,0.2787501760103886
1.0158855301554537,0.8499474420015396
-2.897898333025844,-0.2412894300382831
-0.9930794606821394,-0.837711680735639
0.24608056471394102,0.24360447913880623
1.118007439109129,0.8992305321143584
1.4095882750108633,0.987034098404424
0.06537934357604636,0.06533277664704495
0.848457370649335,0.7502614022594976
-3.1125828171377545,-0.029005767652287063
-2.5689267985880955,-0.541874514478377
0.3532447301077437,0.3459440079714796
3.045199861388186,0.09624358813320395
-1.9259976973624082,-0.9375764753398813
-2.709945432740196,-0.418367503531287
1.9338215852759513,0.9348268219426908
-2.7899910066152125,-0.3444019104625714
0.39798554914744555,0.38756212132698875
-2.0333628945963618,-0.8949101245912406
-2.989048047187554,-0.15195367916631966
0.9458149776071885,0.8109740319035794
-2.8897320694956723,-0.2492062730267688
1.7914248403501212,0.9757600963093466
-1.4474411779010876,-0.9924013962974452
-3.0623280927479897,-0.07918158541572547
2.5613603582250137,0.5482182284005154
-0.32622802804081275,-0.32047228646220255
2.393114003673329,0.6805248167025775
1.8407144384077219,0.9637927353416422
1.1905355261755233,0.9285678677069718
-1.5205180790084425,-0.9987363151393908
0.33180164431776227,0.3257469333762781
0.08918576645981613,0.08906758137428988
0.3857838903489714,0.37628552963236167
2.855609682401366,0.28210063506688127
-1.3760257370298306,-0.9810920957596893
1.6226560782991202,0.9986555844372063
-2.921614149177751,-0.2182086455409935
0.6655831134229371,0.6175178895356155
0.19029526342998881,0.1891488366786061
1.4982513580980017,0.997369767588214
1.7837842289851142,0.9774036921482485
-2.1807995948112784,-0.8196461457008585
0.49288379498709833,0.47316839479357276
-0.3615879044710044,-0.3537599032820967
1.7217116435988151,0.9886338805227685
1.1654715574656604,0.9189743834882961
0.1824298500034427,0.18141963516337065
-1.8684464761259096,-0.956028279255423
1.948041006642363,0.9296831138169122
-3.072192083945886,-0.06934487245622187
-0.4034839453686607,-0.3926248986481189
-0.6609513726165903,-0.6138681513673911
-1.641530712912447,-0.9974993662007182
-0.7905393911358596,-0.710732816987396
1.7763246739953642,0.9789532937326584
1.8212564363030657,0.9687984862409036
-0.37485220092919747,-0.3661349969241229
-2.591118617406713,-0.5230912976593415
-1.451266518732356,-0.992864813821183
-0.8073983735604116,-0.7224909078874342
0.7931298265247384,0.7125527033178434
-3.0249433331551203,-0.11638495789804995
-2.300146485212166,-0.7456076045920906
-1.518180150063545,-0.9986160882928748
0.8611313351650098,0.7585802031999314
-1.4194164998241272,-0.9885639379642381
3.098674601857324,0.042904877396072086
-2.348315188126675,-0.7126562817753069
-1.6401824927015751,-0.9975937456201042
2.567452439903307,0.5431130637063463
-2.3899531079386445,-0.6828374806290721
1.6305460625202546,0.9982155155238824
-0.6937195308840667,-0.6394014457670915
-1.7029563017444853,-0.9912795743708117
2.775145930541215,0.3583003388322673
-0.7714964555815129,-0.697208780199676
1.4645777668401907,0.9943641106060778
1.7810571106566426,0.9779765184899916
-3.0441129254931303,-0.09732542120077027
1.0780201603332884,0.8810229243699809
0.9575159455893436,0.8177643874948749
-2.9885535386831954,-0.152442426648821
-1.1305669743087403,-0.9046539491494269
-1.5388937347191853,-0.9994911554690747
-1.2718916750800313,-0.9556596135119607
1.274568499356696,0.9564444428270156
1.3194636636306516,0.9685818552752544
1.407448639220128,0.986688404862227
0.0872315414138245,0.08712095439428583
1.3105124024210477,0.9663169477489476
-0.5254674991306869,-0.5016174880781208
-0.706825678674055,-0.6494232067498222
-1.6716571966788258,-0.9949178530095834
-1.4227462538886753,-0.9890605914548912
2.0977383225097084,0.8643489570093987
0.7852349748707925,0.7069913800579477
0.4046526341812644,0.3936994718487627
-2.3508821392872044,-0.7108531852350943
-2.711163897887731,-0.4172604883484408
0.31719952855922084,0.311907023896506
0.3453772432744544,0.3385516675598157
0.8310028043173738,0.738607768284475
-1.6973192952931615,-0.9920066409434477
-1.1680489112893566,-0.9199876251406015
0.8729586033782191,0.7662333750325114
2.1097031325811253,0.8582702192305972
-2.1518643076158814,-0.8358768939450043
2.497152701515044,0.6007508100868428
2.9721834794414352,0.16860001061292035
2.8809531542564244,0.2576985050290712
-0.7485421782443842,-0.6805713641254645
-0.12196910531990257,-0.12166691870755167
1.3681393796710166,0.9795352652319418
0.3160722736239183,0.31083580680212436
3.1290960609332448,0.012496267404380942
0.34873270031502246,0.3417070656758249
2.688151867680511,0.4380611989220961
0.5942132884386417,0.5598570671137394
2.3293257737384856,0.7258483221741747
-2.920739690365913,-0.21906194822842293
0.8719739838555771,0.7656003242464825
1.2999401634251244,0.963542177478545
2.021841407793854,0.8999920364889741
0.6871940351488597,0.6343705899854942
2.783443666495419,0.35054127367596744
-1.3105867976954853,-0.9663360910649526
0.5260855964861957,0.5021521017750505
-2.011934264829327,-0.9042663848241601
-0.34497635125190973,-0.3381744218969102
-2.209966637704873,-0.8025909682948337
0.6186217153174298,0.5799128527951172
1.773148174091249,0.9795966278796013
-3.13644511797557,-0.005147512881772815
1.2718572899912175,0.9556494874460018
2.301016224712696,0.745027741085382
-2.461122329381233,-0.6291586657324947
2.3908722360956736,0.6821657045534113
-0.7357702152511969,-0.6711583260347753
-3.0406467409302618,-0.1007745588796872
-0.5562712847763933,-0.5280233395898338
0.18909696690715672,0.18797203577114144
-0.22796307546258499,-0.2259937669891797
-1.1396582985380799,-0.9084907504201951
-2.787712384886422,-0.34654023543241536
1.7383845153194146,0.9859899359545161
-2.1197521799286987,-0.8530698194631596
-3.013728065578145,-0.12751645550915722
-1.0833075823980867,-0.8835119370939983
-0.0751316228716652,-0.07506095947913284
1.3381061242476013,0.9730495667285026
0.1378259464539222,0.13739000396639345
2.906803862572348,0.2326375765559177
2.8441675530621664,0.29305933429298137
-0.7326743869123704,-0.6688601324575827
-1.233965601015797,-0.9438068411521984
1.9771560752589474,0.9185657812552709
-2.301737161595825,-0.7445466584741037
-2.6160927283813655,-0.5016455392747693
2.1104375690091945,0.8578930764531638
2.775043336436167,0.35839611945716143
1.7713741563565355,0.9799516172195641
0.34790435535549813,0.3409284645450862
2.808121623668586,0.32732481104107336
-2.239765933632556,-0.7844611093869363
0.12606851576314693,0.12573484085889933
-2.9939388650218963,-0.14711785728871712
0.21631469002564563,0.21463166467566314
-0.822057413650132,-0.7325478925092797
-0.38496360020932574,-0.3755254012297646
1.3138838853400427,0.9671791218254009
1.450346874877809,0.9927547306974548
-2.270816248842167,-0.7648293529974936
-2.534313931610072,-0.5706348515762029
1.2338380268776001,0.9437646705287959
0.4547519221823553,0.43923946164976563
-0.840339012256754,-0.7448693552547532
2.4258066269328875,0.6562107375194297
0.25367976917040513,0.2509676502568369
2.483484812341411,0.6116209645908575
-0.3426370365135889,-0.33597200820828077
0.7587149237715676,0.6879894069904485
-2.57590076329935,-0.5360000504615824
1.2258185395673316,0.9410829646601756
0.24096078469578552,0.23863576323172833
-2.6222537473855927,-0.49630631943047787
1.5322651690983724,0.9992577667798195
-0.8276332597301677,-0.7363320502172468
2.171402392961223,0.8249932526518672
2.9775178474253394,0.16333963264039553
-1.8902408414575609,-0.949410008735577
-1.8394526460264446,-0.9641284281264152
1.877683598539849,0.9532785193764077
-1.6133066138328902,-0.9990965738105679
2.592684185479178,0.5217563600374403
-2.3925928246779904,-0.6809066051571597
1.3787578475611815,0.9816172101400782
-1.8045117168012283,-0.972812651243944
2.4820265659985177,0.6127740068333349
-0.775890591643372,-0.7003520551741745
1.8337250351167018,0.9656329207380547
2.900535384726247,0.23872945877853965
2.2849105758650525,0.7556736586661207
2.6477882806525983,0.47397919758316936
0.19135977457783904,0.19019402436046523
-1.6025715835167265,-0.9994952090048401
-1.7610586158380153,-0.9819546657202338
0.9655194940340763,0.8223446141417801
2.019119820349398,0.9011750591013122
2.909370998510396,0.23014011002788157
1.4118844313138954,0.9874000537775962
1.2315836352455065,0.9430169305216421
-0.6248510562648684,-0.5849764785748676
-1.1749018955233657,-0.9226520107294278
1.932947397101283,0.9351368923745271
1.8556140056021286,0.9597128976689281
2.6279211735949444,0.4913782134308869
2.7866887481885003,0.3475002608679962
3.0346448221305913,0.10674407268201597
-0.3056527371207527,-0.3009157225061911
2.4385431181984734,0.6465471014391074
-0.15293698622375373,-0.15234149081516596
-2.1580680876340526,-0.8324554706835753
-1.8891399562914393,-0.9497551544731648
-2.2170708383429716,-0.7983328837771965
0.5064562594451596,0.4850814079649526
-1.5006070719229603,-0.997537745363898
2.507068942035848,0.5927940007416734
2.310747631539373,0.7385013924761896
0.7566627267810357,0.6864986374032225
-2.2794719289569896,-0.7592244978806477
-0.8588519528506722,-0.7570930346615362
-2.3733006613870513,-0.6949080267879625
-1.9542584229658013,-0.9273749102723652
-2.809467414850356,-0.3260528609264552
-2.9518327333073584,-0.18862313023660057
-2.9406946959765414,-0.19954930882555386
1.9093152575745096,0.9432475488182208
-1.8780011688248286,-0.953182535609481
-1.8694958205595003,-0.9557200070006641
0.468406938472802,0.45146538816355186
0.9065642744027533,0.7873904221272072
-2.090325209034126,-0.8680531724198274
0.6179417118422577,0.579358734539096
2.2959452112485934,0.7484006831125856
-0.1092770792614366,-0.10905972073746906
-1.9865488589252827,-0.9148126480287239
-1.8374367803154954,-0.9646615525190075
2.79790883215055,0.3369577613372259
0.6487024646035566,0.6041529496734601
-0.5661484764247136,-0.5363854527879328
1.2754233521027167,0.9566936371669936
-1.302822610416209,-0.9643093910006993
-1.4538660024497585,-0.9931714353561967
1.2440713177165685,0.9470985061925058
3.1393020187871326,0.0022906327994980983
0.13669879484390668,0.13627345406265384
0.8391077504275781,0.7440472802202779
0.9355787860359,0.8049426371381887
0.1956437630445813,0.19439805700201318
1.3400349896275117,0.9734925450749493
0.555831099138016,0.5276494696586433
-0.005820818726043786,-0.0058207858560034124
0.28403182804374794,0.2802282021684197
-0.24140523680587567,-0.23906735115659436
-2.9980816989676993,-0.14301885087113395
1.2510332970045406,0.9493099343334589
2.65269171218469,0.46965586861308395
-1.3518662880849863,-0.9761303879230799
-0.6490699193991887,-0.6044457219869309
0.49950031671091866,0.47898696542918995
-0.14012016408452954,-0.1396621020351616
-1.2256027426638958,-0.9410099654637349
-0.6690044085251907,-0.6202053132357845
-0.41318049601216167,-0.40152420611082085
1.1498807562552233,0.9127152241991637
-0.696107824561933,-0.6412359151482708
-2.600962462815604,-0.5146764096231872
3.1414044690764538,0.00018818451222876438
-2.996891970131986,-0.14419624775615705
-1.2697239905460405,-0.9550190428834024
-1.1342885116387422,-0.9062336026626695
0.014139226747997835,0.014138755639013966
1.5923961057511349,0.9997667338439349
-0.6409894376654792,-0.5979887726638414
-1.9744974573011713,-0.9196134006784378
0.3617995792098969,0.3539578824152208
0.023978407351503694,0.023976109630649566
1.9877260514499255,0.9143365715566032
-0.023968011036020975,-0.02396571630248179
2.4477121687323207,0.6395251906593005
-1.942874436709708,-0.9315738563862751
-2.9512153053748604,-0.18922943906691742
-2.6360901120195623,-0.4842471907677454
-2.3825752431692524,-0.6882088963434884
-2.049591408368337,-0.8875506850001229
2.9598690492332125,0.18072506392974433
-2.59230752744147,-0.5220776479355913
-2.685695422001357,-0.4402680849779037
0.9997134626421849,0.8413161334709476
2.416105079487167,0.663500312759774
2.872512437593402,0.2658448629324633
-2.4092456744135657,-0.6686167055411559
-0.19638373513566032,-0.19512385915474234
-2.4680863809182756,-0.6237304567109365
2.362132958691607,0.7028952063535243
2.5743832641315567,0.5372805328540429
2.9913042514005204,0.1497232899983928
2.165459653315101,0.8283371603339432
-1.532503820108947,-0.9992669315482584
1.9151391956853834,0.9412974889600688
-2.1588421216398634,-0.8320263353406185
0.4916191399184573,0.4720538910000935
0.919619851146237,0.7953712607163306
1.3837862559647398,0.9825645195982178
1.6479131580362951,0.9970279704974
-0.6375596469248315,-0.5952362682108502
-2.2268670988108776,-0.7923952029196877
-0.6156167966689803,-0.5774621956463063
-0.12978342608057591,-0.12941939313550332
0.060091711689104876,0.060055552884719476
-1.3487008475043254,-0.9754380114111256
-1.2201801082948722,-0.9391612345364211
0.9699814848939248,0.8248752466162778
-2.1448071734186183,-0.8397298278091951
0.46402356434217706,0.4475498285668351
2.3912424519531923,0.6818949568589663
2.3978356189330183,0.6770575981835391
-0.18265418191970317,-0.18164023989826814
1.7842098791914065,0.9773136291465737
1.9163145398465051,0.9409000683217554
-2.6668362986820333,-0.45712176179943564
-0.8193976674087207,-0.7307347730526191
-1.0615391205152442,-0.8731068818406955
2.9490902956976353,0.1913156271622988
-0.8103264320521735,-0.7245122101653299
1.070550148156424,0.8774645109727498
0.47309306839176735,0.45564179627709284
0.3989620879635152,0.3884621524356237
1.8079076626486623,0.9720205643474864
1.990820879190153,0.9130789285412817
1.404012303529143,0.9861237557661712
-1.2189123293575372,-0.9387250275129971
-2.78886052889363,-0.3454630078697393
-2.5007424715930195,-0.5978771528240486
0.5585499049838303,0.5299570394549785
-1.8614868564088833,-0.9580461885885149
2.220062717612131,0.7965275545946177
1.8467837106735683,0.9621566074568706
0.7592634865657031,0.6883874068458304
-0.5378997995707508,-0.5123334989507385
1.8607829407052154,0.9582477032089742
-2.6737901340043058,-0.45092598962894515
0.3046210580090838,0.29993170099407257
-0.9602985287546622,-0.8193627440027339
-0.34237106138072626,-0.3357214818048205
-0.7459707272805867,-0.6786850607938422
-1.3249791518261116,-0.9699387901208838
2.185816845631206,0.8167616082114076
-2.817655756145905,-0.3183011556979066
-2.257269517070917,-0.7734861593439619
-0.21333821431331312,-0.21172360907712237
0.18200368653172694,0.18100052708309
-1.1770891160497396,-0.9234932688123678
1.8809765472135949,0.9522785766252125
-3.0074338164397316,-0.13375675410285992
2.818113584828768,0.3178671055016879
1.4719753302729668,0.9951211776439185
-0.10499875567177108,-0.10480593135363207
1.7647592287018963,0.9812480968235728
1.7768568450073765,0.9788445473050869
-0.4605060967209327,-0.44440153932186516
-2.8285773082578176,-0.30792885983387475
2.807588127704328,0.3278288711124712
-2.088263339230793,-0.869074985568078
0.683594685223134,0.6315840846083318
-1.5992721420173748,-0.9995945913693624
2.416578557163821,0.6631459937641556
0.9778512911271457,0.8292985749427373
-2.2647808177527518,-0.7687036228536319
-2.6713809448453794,-0.4530750280311956
-1.5491968539505003,-0.9997667404553221
-0.023092446787003063,-0.023090394457801318
0.6366113786889769,0.5944740190644195
0.6281752385627404,0.5876693204697456
3.007489710919497,0.1337013616711897
0.08501624419197018,0.0849138683363639
-1.607132386359797,-0.9993399180184701
-0.1323479552834037,-0.13196192613825042
1.71128678083939,0.9901474376345875
0.5309696717990251,0.5063697430907844
0.44479901657225485,0.43027646182264895
-2.60295579792526,-0.5129663336106886
3.0800471331763752,0.06150667356042777
-0.8364879465133921,-0.7422943672423111
-0.42809983144237274,-0.4151428627460095
-1.9944940913282354,-0.9115748990704309
-0.1990387533162865,-0.19772715340762767
-1.7365188974577006,-0.9862994139323794
2.2650043379062286,0.768560639012174
-0.055041768070899,-0.05501397989171939
0.2884692214122966,0.2844850314378398
-0.7609731293963553,-0.6896264780311409
-1.2339948886284,-0.9438165202323364
1.6148404271538386,0.9990302153993632
1.4792234548661645,0.995810133666776
0.17675961810603713,0.17584060980517663
-2.481433201761245,-0.6132428098845383
1.2032316964681478,0.9332052471646398
-1.4056023810789686,-0.9863864807585867
2.4088048299175284,0.6689444557109288
2.600750339953845,0.5148582688979241
0.85497734459546,0.7545560490451345
-0.41897846884154566,-0.40682749166454574
-0.1770159708537422,-0.17609296245058934
0.899270322713356,0.7828731264597844
-0.7857976618347884,-0.7073892128063827
-2.345859257338463,-0.7143769991283526
1.4198472481950342,0.9886288041059661
-0.9127194397403118,-0.7911698628869341
-3.114655935049146,-0.026933461170897486
-2.817573936471349,-0.31837871883694246
1.9109126966988708,0.9427158512841743
-0.8423766746252546,-0.7462273573509328
-2.1666446020113668,-0.8276727352558173
-0.7042796069390378,-0.6474850017522176
-2.0904020165553803,-0.8680150371342296
-0.36438472826585233,-0.3563744870034966
2.387887401051973,0.6843451667896487
-2.7809371586837073,-0.3528876331502392
-1.4204484001346744,-0.9887190245799172
-0.9344255453604484,-0.8042578236225557
-0.9429376751455316,-0.8092872189507788
-0.9658769410995549,-0.8225479453190407
-2.688145660989579,-0.43806677838838043
0.988066538608515,0.8349635459539925
2.145247357178457,0.8394907247294082
1.8163956272453747,0.9699917866488696
2.951739700052424,0.18871449268614257
1.9968043740120187,0.910622631327676
-2.953852856883482,-0.18663888526520844
0.6587159348877969,0.6121019453282387
-2.8989854925372853,-0.24023425022880648
-2.357801453682286,-0.7059695739028222
1.912769801906519,0.9420947016516931
-1.5234180337495224,-0.9988778586037615
1.904130899429795,0.9449565408211122
1.0717390355939482,0.8780341305434326
-1.7655569149169987,-0.981094031443275
2.5778355125630323,0.5343656982327666
-1.3674633758456913,-0.979398980372374
-2.073020290311778,-0.8765141675955797
0.1075041687867695,0.10729721484495236
0.3145719540505305,0.3094094583184635
-1.0881965227782637,-0.8857913911871195
2.539326528692233,0.5665113355701967
1.4760957633074616,0.9955192518256246
2.1904893579474622,0.8140567780074501
-1.2562466649645734,-0.9509358046790508
2.241792141855984,0.7832028901470188
-0.16018239895500397,-0.15949827318787774
0.6713450069561198,0.6220396706163512
0.4174592178161256,0.4054391792806405
3.112159879624973,0.029428524604835218
2.295672694236419,0.7485814013769394
1.600836187565851,0.9995488373111415
1.550494178598833,0.9997939184679678
1.0022693710969586,0.8426949633861395
-2.088465719285017,-0.8689748543308032
1.572617597502111,0.999998341486964
1.711191177903701,0.9901608202695268
-2.8593196836001082,-0.2785393829722857
-2.925173196072714,-0.2147339893893293
-1.0064685871806875,-0.8449483483901159
2.247016538953445,0.7799438628138184
-2.41696266511506,-0.6628584438624376
-1.5437922181245456,-0.999635411213778
-2.727964256374419,-0.4019343754263598
1.8016997632443559,0.9734600344770016
-0.8073711835598059,-0.7224721089862743
-2.646955777675983,-0.47471208212571525
0.9752142233079519,0.8278220844507939
-3.119980294509835,-0.021610676618475794
-2.1441487763897724,-0.8400871582841062
2.567762889381755,0.5428523656614304
2.6289146614136563,0.4905126965373524
1.0317961651186618,0.8582223054306131
-0.6861126813032716,-0.6335343012897473
-1.4710364062295782,-0.9950281045529343
-1.9697254658021501,-0.9214774787256267
0.5549597543199778,0.5269090949553918
-2.479270575829817,-0.6149496207400763
2.5846592457569084,0.5285855184738868
1.975161052644248,0.9193525216197096
1.6598366911608684,0.9960385250706267
2.7401996363324628,0.3907010179208733
-1.6499702705140424,-0.9968673802367355
-1.7669671206803483,-0.9808201365375147
0.34156962494912513,0.33496645196736896
0.23670341058029498,0.23449923812039483
2.5926668762729843,0.5217711263486405
-1.3455958789297462,-0.9747493662919569
2.2964423321230294,0.7480708767837637
-2.2774654272998793,-0.7605288577869275
-1.8954365939253024,-0.9477655309614937
-1.3067514001711065,-0.9653422032504526
2.1538699785625735,0.83477426665697
0.560597674676945,0.5316924859416592
0.7583043081349579,0.6876913567205665
1.5116416487439643,0.9982508721783403
-1.135117976133889,-0.9065839696444592
1.330284046206378,0.971216076961207
0.6876284278230216,0.6347063282911746
2.7070074759907294,0.4210341751115035
-2.170139140752601,-0.8257065118068351
-0.10226333078717253,-0.10208518257821181
2.3071567240510458,0.7409178023113536
1.7101803165218934,0.9903017683213875
-1.646827104327379,-0.9971110525094422
2.8642278464235673,0.27382212555174706
1.0812396478336534,0.8825414102568971
-2.076177126309827,-0.8749901773382911
-0.8289341195324726,-0.7372116151731939
-2.181709054587994,-0.8191248044525902
-2.52630319826048,-0.5771949175390844
-2.521774588125882,-0.5808870783224936
-1.0381050898645228,-0.8614434376109312
-0.7388562484674326,-0.6734428462257562
3.123212976018195,0.018378642774792755
2.8737374258658557,0.26466375568611267
-0.889864826904351,-0.7769866608557758
3.090407677864903,0.0511626287179459
-0.2371551846580946,-0.23493839112130907
-2.0173386230556867,-0.9019456985703713
-1.4142321280580783,-0.9877688410240136
2.414101067884724,0.6649983328226462
1.6214791825684136,0.9987158989787036
2.15557871496887,0.8338322312618298
0.6322065529278671,0.5909262777239495
0.7255808933743664,0.6635701291105828
-1.1197501820328566,-0.8999915727873966
2.5796242009784933,0.5328529492582234
0.44256172184486964,0.42825578703506145
1.2982810307254065,0.9630969397890616
2.93283838827793,0.20724137137493998
-2.361519797664834,-0.7033312115972437
-1.4294707205358694,-0.9900301470211683
-1.711188112144391,-0.9901612492691179
-2.30868474111032,-0.7398907280339649
-1.964901465383888,-0.9233405447588041
-1.6022773080971415,-0.9995045148311232
-0.12579033268692585,-0.12545886061437278
-1.494806121469811,-0.997114133454122
0.4989148415967275,0.4784729404212643
-0.2807979758267538,-0.27712245950381126
-0.07447208009440587,-0.07440326102904493
0.8972168954178077,0.7815938726154437
-2.6845636113872975,-0.44128401745471096
1.3462164237061156,0.974887747343271
-2.9860361371943167,-0.1549299199719889
-1.5242463518370737,-0.9989167455455964
-2.462734466013859,-0.6279047721306185
0.7864479169680436,0.7078486793089246
-0.846243335465136,-0.7487957744673466
1.8228089572980837,0.968412526914632
1.6529650298650624,0.9966260510819518
-0.4488304474527194,-0.4339121166646114
-1.9329320141732138,-0.9351423422291152
2.049769626452398,0.8874685640370158
1.955793522903087,0.9267994856967291
-0.5261753705056078,-0.5022297344665997
-2.0261756607647303,-0.8980942605711683
-1.728002989958615,-0.9876684606803101
-1.9334547795367554,-0.9349570132166236
-0.18041451580568157,-0.1794373767943956
2.6869633081693403,0.43912933906202933
2.953062005186238,0.18741578213253615
-2.0050890771875336,-0.9071678578062967
1.8379123481119795,0.9645361350780337
-1.185960104178222,-0.9268599283358385
0.30423799493963566,0.29956625189206265
-2.944358948922248,-0.19595742050598122
1.6950509397726696,0.99229032251559
1.2907480437308836,0.9610420938930738
-0.2750097633034243,-0.27155633339239815
-1.2435712071904264,-0.946937880778909
-0.3955050984216717,-0.3852743438093088
-2.134001096093881,-0.8455484338255669
-1.421683391336287,-0.9889032501633082
2.9259608496141247,0.21396464324809747
-1.9985772119284286,-0.9098885950239706
0.8386176008768942,0.7437197087230293
-1.6534074596145572,-0.9965896405571764
1.527897961928156,0.9990800062452494
0.6197255311044652,0.5808117543333986
-2.3836221866537137,-0.6874489486359642
0.26600141798008803,0.26287559764455265
3.0319265915925095,0.1094463750082634
-2.342598627861179,-0.7166548590169325
-0.13719447843619959,-0.13676449679021993
-0.012450298679381966,-0.01244997702853885
-0.4353585138439584,-0.42173549974212093
-2.057791909352934,-0.8837428309135577
-0.7106219215027827,-0.6523052864885014
-2.3525010166977465,-0.7097136323225052
2.873885186087122,0.26452126159372524
1.6970240203757658,0.9920438571621961
-0.8905556379078643,-0.7774213527364274
2.9174288801084316,0.22229113553788138
1.6437119748568572,0.9973428317255959
2.0516679748508144,0.8865920769534364
-0.9434758088761668,-0.80960320858017
3.0415032057726403,0.09992241719797246
-0.9290205935623499,-0.8010340340547772
2.237708051340465,0.7857357007885609
2.739936234270326,0.39094347060756696
-2.6417951227999863,-0.4792478453304991
1.338580324965525,0.9731588061363108
2.681993493341108,0.44358889784973804
-0.21347072565598024,-0.21185311447313013
-1.6986879315435959,-0.9918330096136286
1.1001548538235442,0.8912775904694566
2.684209970623523,0.44160133557951686
1.7974564828885935,0.9744223725288398
0.3721903973502334,0.3636567301930841
1.5965342635598967,0.9996687975896614
0.34480667917414687,0.3380147414455342
-1.0590831487915202,-0.8719068927907149
0.9388727860121922,0.8068927701880455
-2.647221121713631,-0.47447852521110834
0.667774959147696,0.6192404160579293
0.20863243676912324,0.20712218621150877
-0.593386533059693,-0.5591718352747321
2.2374025226535768,0.785924652661667
0.38182085212516803,0.37261081456014833
0.9849374772773372,0.8332375222898553
-3.0879494901717996,-0.053617439956686
0.39597866141887295,0.38571130551091853
-1.6453482771010137,-0.9972222902513984
-3.029363728012579,-0.11199348047692063
1.986940727345213,0.9146543105749533
2.6988278612096916,0.4284392844274987
2.1052650089375637,0.86053939548432
1.1703724399612234,0.9208958419515925
-0.15727630324743425,-0.15662871124048697
1.4719850162989632,0.9951221332228306
-0.3589670057819023,-0.3513072694875732
-0.004903429431628581,-0.0049034097822863885
2.9588299200473216,0.1817469846999282
1.6164645368959736,0.9989573885165879
2.139479285320925,0.8426109625657964
-0.47816572704900606,-0.46015140881828964
-2.8770387836154026,-0.26147868535751106
-0.34650604633282445,-0.33961359640167255
-1.815564717021407,-0.9701934773669955
2.224181684935769,0.794030467922594
-0.9642057916967439,-0.8215964215855522
-2.661194263916393,-0.46213250850424314
-3.012843868037211,-0.12839338490293697
1.6085018177226607,0.9992892321913902
0.1922195001481093,0.1910379865559541
1.2701055602998501,0.9551321257610866
1.497316150160839,0.997301546303695
-2.6948184394222583,-0.43205862658584315
1.0901834022724444,0.8867117204048031
1.745957765340405,0.9846984183083909
3.1239789537790212,0.017612789072087524
-0.05459773980736582,-0.05457061866282878
-0.8167185735849198,-0.7289032386563005
0.8968120317712689,0.7813412596269305
-0.06981694371157143,-0.06976023818304947
-0.690171269186191,-0.6366692635628485
-2.7243240082665583,-0.4052649654067282
-0.9939447401815857,-0.8381839072460432
-2.3241119497291303,-0.7294247940549381
-3.029148967604628,-0.11220688723024842
-0.6347125007547181,-0.5929460323390819
0.8181765250555473,0.7299006015863772
-1.105091068261264,-0.8935050893367765
-1.8333541238530875,-0.9657292577548447
-1.750638655951425,-0.983871908302629
-0.94193023464203,-0.8086950245737069
-1.1669526984873753,-0.9195574146953059
-0.8394496167645431,-0.7442756468554933
2.524078445111554,0.579010235299993
-2.619114650863456,-0.49902906839128786
-0.1860432662432676,-0.18497189744748366
0.42969774543302997,0.41659604434213104
3.0410317576362633,0.10039149472360569
-1.6726037851341728,-0.994822095342897
-3.1197103337280416,-0.021880573563425296
-0.5001969326092306,-0.47959835393016514
1.7720407140118173,0.9798185975131825
0.6035092348283677,0.5675352872294789
-2.439747404138707,-0.6456279143002733
0.6846063418235526,0.6323681061127331
1.4868004426062615,0.9964744192894293
-1.0362426042130917,-0.8604960741429004
-0.11734800451101313,-0.11707886537894442
-1.7473208491189323,-0.9844599629303044
-2.9751364142152745,-0.1656886175721477
-1.8324095821297528,-0.9659739841830689
-0.8336641833183789,-0.7403992802623651
-0.1268664262921595,-0.12652637896809804
-0.996412312092072,-0.8395271374239511
-2.60243720074616,-0.5134114329551057
0.15431553280771437,0.15370380170235584
-0.7624549519685533,-0.6906988049235072
1.3130115522750545,0.966957097912705
2.944405605446053,0.19591166832668536
2.824058325820655,0.3122251033672926
-0.6784170317770766,-0.6275613638167581
0.9115363239125482,0.7904457198610232
-1.7651869426199858,-0.9811655656467371
0.5796720752956315,0.5477496105638305
2.266003720983698,0.7679208730563717
-1.6503483178387692,-0.9968374087650034
-0.7032566569521106,-0.646705095237677
-0.2509381535725024,-0.24831283889697606
-1.374083186583113,-0.9807142808559824
-2.8492756314977936,-0.2881717277673187
1.540850968993202,0.9995516712768439
2.509012801867521,0.5912273862237318
2.602488763787825,0.5133671838306149
-1.5597400590940285,-0.9999388800948806
1.2767583421082414,0.9570813957184285
3.113490943375308,0.028098011678450243
-2.1567549339384566,-0.8331823606350206
-0.16586550423367674,-0.16510601862611157
-0.9669941427263407,-0.8231827796978931
0.7534051887235789,0.6841263419911374
-1.4085351190828816,-0.9868645082499166
-3.0327638949814104,-0.10861406328268612
1.900309001793067,0.9462001454558002
-1.474941754108681,-0.9954094669189771
1.8495097339634432,0.961410199981482
2.3260787450169644,0.7280779761343668
0.17312579439980347,0.17226225289010436
2.117480975954922,0.8542527251492873
-0.6145496434084254,-0.5765906244825277
-2.1868383185256413,-0.8161718175958836
0.01225993431188277,0.012259627190598239
1.5989643668572153,0.999603306989856
0.3406140419657353,0.33406592016222214
0.7213360760846834,0.660388552794188
1.298245413777221,0.9630873527070637
-1.077536595327051,-0.8807940595459255
0.4407159753934189,0.42658713576597335
2.900446832446347,0.23881544973201646
2.1807015064659634,0.8197023336417154
0.05484116713511522,0.05481368164358791
-2.1999144736129805,-0.8085467332368649
1.991984265330852,0.912603901796058
-0.4880698558553225,-0.4689219829800361
-0.5310261147729562,-0.5064184139898315
1.8357401153928388,0.9651072216437853
0.3470017029903931,0.3400797519919742
-1.0077394120540522,-0.8456273639427545
-3.0809336885797136,-0.06062177264146813
0.6825005800674124,0.6307354389444653
-2.613204499812276,-0.504141972789833
1.9022581140216728,0.9455676509754318
-1.825490442142036,-0.9677404084167168
-0.22667305340240462,-0.2247369317190914
-2.1943387065468247,-0.8118151073263499
1.1788816810100595,0.924179438858633
0.7328497339620124,0.6689904731145958
1.2552515509871922,0.9506274573150538
1.4407394113063798,0.991554513918217
-0.14065566419049835,-0.14019233377281395
-2.445467339701699,-0.6412493353761252
-0.38173702746556515,-0.37253302499765256
-1.454142405210852,-0.9932036436822544
2.76951182847046,0.36355465785818913
0.5048403921015803,0.4836677494035193
2.9412385804936747,0.1990163335420649
-1.3430836637147567,-0.9741853088906949
-2.4468325524485306,-0.6402011658988462
2.798245055247155,0.3366411816065734
-0.1644675921758627,-0.1637271308857073
-0.8044574310442822,-0.7204544762791213
-0.26045248538407373,-0.25751780289993054
1.8311127530611895,0.9663085827165199
2.7728531751709147,0.3604399262483844
-3.0926575514229406,-0.0489155741451727
-0.15904499783002146,-0.1583753299082527
-0.009862515207198275,-0.009862355321471632
-0.6976494722750863,-0.6424181264824592
1.8285436530911499,0.9669666442530216
0.8237440936987959,0.7336949992004895
2.2310238070295423,0.7898527390932504
-2.879591864801776,-0.2590135782686378
2.7684721063714317,0.3645230380774278
1.5630295579580125,0.9999698388025348
-0.5443719559033346,-0.5178809306506973
0.09127108319110899,0.09114441502895487
3.0719387293834357,0.06959761490183917
-0.04624794658685216,-0.04623146193920014
-1.2953320706852878,-0.9622990265906921
2.0534843058247647,0.8857504671639268
-1.9049626487578537,-0.9446840690455061
-1.2208315973695658,-0.939384806465802
0.5612830813621579,0.532272857619267
-2.2216903572416666,-0.7955424253973696
-2.0357324545677127,-0.8938502055465049
0.8423022126488062,0.746177786602145
2.8109145932596276,0.3246844276375672
2.8340633303073766,0.3027047993831238
2.4874586886274237,0.608472207683227
2.8047751430733037,0.330485101579762
-2.484156506122305,-0.6110894154974088
-1.7554798829260516,-0.9829944101679835
-0.7061178663683019,-0.6488848043980492
-1.5030012272559212,-0.9977027923056353
-2.223157590953054,-0.7946525755992918
-2.763132364310925,-0.3694901554100389
-2.978659459427088,-0.16221324641001234
-3.1240825923097764,-0.017509166523047615
-1.0001075782058857,-0.8415291046912842
2.9333858773977983,0.20670573729768316
2.8349646419825767,0.3018456504818881
1.013169999079354,0.8485135849331548
-0.7200956163213488,-0.6594565538553471
-0.9800849131618592,-0.8305446660435416
-0.41559798992015873,-0.40373708859970747
1.973248516207823,0.9201032981479537
-1.5204783705120548,-0.9987343187194266
-2.7644453887688685,-0.3682697294382551
-2.35579583640733,-0.7073886157853951
-3.094519332048399,-0.047055938524076676
-0.381046894654145,-0.37189248001562153
0.8837530663314004,0.7731247156750464
-1.4353621746894971,-0.9908428051529647
1.0344151022847088,0.8595636039567027
-2.718642973014905,-0.4104519959821933
-0.9390120797567771,-0.8069750428879219
2.824930021397976,0.3113968669468917
2.8612574979441954,0.27667773619254676
-0.051353262650968734,-0.05133069451927537
1.131219038591544,0.9049316320182492
-1.1774518352336303,-0.9236323524441539
1.5018350080403176,0.9976231104557435
-1.848462459250951,-0.9616977978006481
-0.4296369944293401,-0.4165408153396193
-1.2973988262461522,-0.9628591155036036
2.972741455904596,0.16804999561546538
2.9486943800482663,0.19170421467843712
2.482740862225458,0.6122093721090381
2.324476122400485,0.7291756293650975
-2.0599002168797593,-0.8827542368160438
1.7829748164943595,0.9775744665616494
-2.5244517734345924,-0.5787058128073425
-1.9978322578976253,-0.9101973886959456
-3.0735130831264397,-0.06802699313357834
0.320010981867743,0.31457698497496733
2.7550437273707162,0.37699422805017563
1.196243785417419,0.9306714205554248
-0.21695146673630328,-0.21525355778904337
2.7909850963431255,0.3434684668331391
-1.2226931116856115,-0.9400214260038751
-3.111063743334851,-0.030524168245462856
1.3897094646506716,0.9836485312682487
-2.7258954904085564,-0.4038278177566361
-2.049501225196813,-0.8875922296873735
2.84043828756982,0.29662281749778446
-0.6484257195171392,-0.6039323971324886
-0.8894586227874659,-0.7767308843392878
-1.2078067355713937,-0.9348394869319919
0.0917047064141725,0.091576224793301
-1.4764405202055815,-0.9955517925570477
2.6189677373868427,0.4991563760567141
1.8439532136840384,0.9629240543541217
1.5172272942907705,0.9985655224638361
-2.8389730308166357,-0.2980218110301196
-1.6293209471340377,-0.9982879231647598
-2.076913671899571,-0.8746333483534908
1.4675324953216924,0.9946730267252681
-3.01620087011686,-0.12506345045475692
-0.39597159570003937,-0.385704786531133
1.5736876080257929,0.9999958202493336
-1.2381338477558153,-0.9451762336288805
-1.2296348141423736,-0.9423666801978919
-3.076368663237859,-0.06517775454237312
-2.2436148015620065,-0.7820683216036888
-0.8186784594970025,-0.7302436085701124
1.2119683691174776,0.9363090610811593
1.7494057589038876,0.984091694265416
-2.8201648947934785,-0.31592151875244906
-2.609261001689164,-0.5075437309370215
-0.44592692283381075,-0.4312943456952333
-1.8610138550728588,-0.9581816501467251
-0.495828799962891,-0.4757608060696735
1.4820082855037233,0.9960609306263002
-1.8173747920899992,-0.9697532498169589
-1.4138945866840056,-0.9877161534957173
0.4392388201305404,0.425250662986051
-0.8759622977385781,-0.7681599765887599
0.4911553760906231,0.47164500011538174
2.8334638169688153,0.30327613173923096
0.6905728784268876,0.6369789079491475
3.1064589052219116,0.03512652074631936
-2.2244442527850383,-0.7938708313444985
1.7980102665488786,0.9742977744380361
-1.8862711918718371,-0.9506491506963475
-1.7962016896955095,-0.9747035879406862
-1.5616457496379628,-0.9999581337609811
-2.043481264974094,-0.8903491043695705
-2.9971666112154156,-0.14392447148155588
-0.32927222517414023,-0.3233544368381343
2.402137635693676,0.6738853593656745
-0.38362011608749924,-0.37427990535878
-0.9344729040194886,-0.8042859670498193
-2.267638300973003,-0.7668728260630595
0.3883766544518106,0.37868646783201354
0.7518361321990463,0.6829810877284479
-1.5475670721218036,-0.9997302129953771
0.0651949547465267,0.06514878064878783
2.322316790437794,0.7306516165583995
2.7122567087337552,0.41626710717821974
2.8406191257386375,0.29645011315323516
-1.088049542953207,-0.8857231706893962
-1.4161402852465754,-0.9880645726685697
0.13649648089751576,0.1360730246629012
1.2265640398555906,0.9413348132601302
0.14910144415606963,0.1485496062344041
1.5416852572033823,0.9995763027368951
-0.8971634339954169,-0.7815605229240747
-1.465018331781658,-0.9944107223306778
-2.594402128857179,-0.5202900226986401
-3.107640943059683,-0.03394518811107096
2.061171926155435,0.8821560295941278
0.47297381252447135,0.4555356358507668
-0.47756165593020006,-0.459615006116344
2.1954837897668025,0.811145944457879
-1.372979108363471,-0.9804978944703705
-1.1865924842465239,-0.927097143113534
2.032156778801432,0.8954476983987714
2.6081417804271325,0.5085077629841848
-1.4396338907411121,-0.991410532419856
2.6694619938343145,0.4547848846266579
-1.2485092319745772,-0.9485134925277012
-2.339447488166666,-0.7188489903556484
-1.8727603959436365,-0.9547542247410813
-1.424127793916036,-0.9892634382216673
-2.347739375751915,-0.7130601036948415
-2.439742740812921,-0.6456314754519855
-1.371925648655957,-0.9802903144392967
-2.457837503409234,-0.6317084861432867
-0.5485992754282569,-0.5214925645113385
-1.5030428259658857,-0.9977056094712279
-1.2062518030406206,-0.9342862461876067
-1.0358295118542769,-0.8602855479062359
2.1892278838265273,0.8147887757250835
-2.7674501736552455,-0.3654744655594592
2.602294766137933,0.5135336569500006
-2.750267242812836,-0.38141396525882526
-0.30319987508173396,-0.2985756459267278
1.8931350026055043,0.948497153671841
-0.20708521146969439,-0.2056082650540264
1.0500439013479026,0.8674450687977849
-1.4854760299493777,-0.9963624309329195
-0.0222162475582266,-0.0222144200886714
-0.6950911827203852,-0.6404554700948065
1.1362861744544528,0.9070763603878413
1.576890345904289,0.9999814315230122
1.7042436664912142,0.9911091097443024
1.7605290438165122,0.9820546788073283
2.393899120943903,0.6799493319429153
1.6842492864856027,0.9935711132333295
-0.026097394566538146,-0.02609443229125146
1.644159494330709,0.9973101295907655
2.502706264869569,0.596301848363593
0.37323000595553957,0.3646249632533168
-0.41215039809325305,-0.400580579706476
2.4417121238680757,0.6441263067314444
1.323281388024915,0.9695242432931479
-0.17890580052322536,-0.17795294521318092
2.7965646516990246,0.3382230290072258
-1.0550672240174315,-0.8699333824836332
0.7772239830083727,0.7013032038451169
2.659750102636023,0.4634127240891333
2.701595618355178,0.4259367826877148
2.431655642768476,0.6517860011367356
-1.870041233943951,-0.9555593619499573
-1.5540890316308338,-0.9998604363906047
1.3673376364951952,0.979373581487668
3.0683262247999012,0.07320089772054801
-1.7376368620961002,-0.9861143725233001
1.1301188075144042,0.904462873386992
1.020544485097866,0.8523928605867871
-0.4936121427376827,-0.47380992320794374
0.89645923494166,0.7811210290845162
-0.253988900491402,-0.25126687598029473
2.2023879166414577,0.8070888084625826
-3.0105134411062706,-0.13070417289344316
1.5771023402329165,0.9999801171631479
-1.1934472247063939,-0.9296446437407001
-2.7911045341784337,-0.3433562926433745
-1.9094664976479065,-0.9431973126478796
1.074402584430577,0.8793057836364897
-1.4539422863675961,-0.993180332057057
-0.16942149010523444,-0.1686121502485717
-1.8926115574372835,-0.9486628436416428
-0.6787897236541811,-0.6278514858613979
-1.0626651414422836,-0.8736552958884397
-2.4748978531473225,-0.6183919128010134
-2.8061445409226304,-0.32919233907324524
-0.8510778865114998,-0.7519913554997868
-0.9658106208789698,-0.8225102274812883
3.0792855208135714,0.062266826029312564
-2.5976728881585736,-0.5174940501512127
1.8678839009613881,0.9561931169067663
-2.7153770711842364,-0.4134279194943278
-1.8770215236164616,-0.9534783185027713
1.7865972786325948,0.9768051998335571
-3.075508562639464,-0.0660360020684537
0.5820145394652863,0.5497079106302091
2.8893627143804927,0.24956395813963633
-2.7234914512300974,-0.40602594789998
1.573823014388405,0.9999954195846024
0.18134937633239012,0.18035698542679057
0.2761929692814249,0.2726948871507386
-0.6239303428999792,-0.5842294859229842
0.2083179344079218,0.20681449356983578
-2.3426316805711687,-0.7166318067400984
-2.830761407641404,-0.30585015438061086
0.8568132201989114,0.7557595437128188
-1.749205624851472,-0.9841272306327433
0.30876948837443496,0.30388654825642347
-1.1151350340210398,-0.8979702185388209
1.4027009629091864,0.9859052098544767
1.3165555486955736,0.9678545270195513
-1.3488027738368176,-0.975460458076906
2.358431957675367,0.7055228840969896
0.48284370237098884,0.4642996545864391
0.9735800032928505,0.8269041971618226
-0.3379024391526295,-0.33150887468423645
-1.1042360848871615,-0.8931208299041931
2.0398006082396964,0.8920187934234821
-2.1536121836851487,-0.8349161788011354
2.367404299310687,0.6991359881595222
-1.1763871799461167,-0.9232237683683787
0.00486267964621101,0.004862660482694129
-2.5858119979396132,-0.5276066191509589
-1.314708877674584,-0.9673884195419914
1.888367062188414,0.9499967818702307
2.4736871869563037,0.619342885450377
2.9110949474310877,0.22846209504018292
1.7218374035328878,0.9886149655655015
-0.45566583572571595,-0.4400603106302447
1.7022607916575607,0.9913709858557248
-1.9091736293394774,-0.9432945727411387
2.756453315281358,0.3756882716271813
1.253133190435764,0.9499679247178214
0.8600204125788107,0.7578558806686275
-2.0290372274700026,-0.8968320595523087
0.5009833277444615,0.48028825796001895
0.657962707822016,0.6115061357043632
-0.5611293882624633,-0.5321427389264526
-0.48895018067881946,-0.4696993389154029
2.2962919730606925,0.7481706494336137
0.8629202402176315,0.7597446029576161
-0.2513365652107109,-0.24869875252204132
-1.6069492047739404,-0.9993465558841882
2.6057599546274464,0.5105572073821409
-0.7221903968801309,-0.6610298417682913
0.6182726759321397,0.5796284625877752
-1.7375673952402668,-0.9861259063372751
-0.2877373704436912,-0.28378334407509526
-2.6379215323979315,-0.4826440126714805
-0.886272210729969,-0.7747200383133049
-2.3846648292937687,-0.6866913739233492
-2.3200206194305517,-0.7322174008901643
-3.0960770539385734,-0.045499885730051884
1.783209233087799,0.9775250739043556
2.1539920124696534,0.8347070695069608
-2.013064709518905,-0.9037831425984669
2.2860107337479247,0.7549526549240166
2.356787149781285,0.7066875834128115
0.8369018331712508,0.7425716383156983
-0.9187183037701039,-0.7948244893529014
-0.4110521785869108,-0.3995740820516069
0.6519972582158822,0.6067751825300329
-1.3728461758915325,-0.9804717606433025
1.1647116361984997,0.9186744681187987
-2.802833996042077,-0.3323165541126792
3.018579762413454,0.12270288379803672
-0.7157640912397052,-0.6561941853854425
-1.9103271477596877,-0.9429110269109476
-2.4808881308630704,-0.6136732672474509
1.4732930428808055,0.9952503194933194
1.0293180657576304,0.8569477172800967
1.7737591574087404,0.9794736534390758
-2.4438143639376966,-0.6425168409060197
1.7423280878800327,0.9853244638376953
-0.8887047543499462,-0.7762558527337574
2.2865519925343456,0.7545975980480151
-1.521068529519618,-0.9987638278599908
1.3364452937276097,0.972665243929019
-2.5373179341643626,-0.5681653819237504
0.7667848727547608,0.6938234704635375
0.5708042510321296,0.5403089738668843
-2.1504026271887455,-0.8366783418920944
0.33467076393166684,0.3284582181235885
-1.8152704186450184,-0.9702647531547781
2.232032030060288,0.789233998049924
1.2529987523832125,0.949925924747698
-0.751509200701463,-0.682742248678655
2.9624211511426557,0.17821439998352032
0.047831840735037545,0.047813603862960685
-3.097342377605989,-0.044235836416437226
2.4928951987534287,0.6041489575408173
-3.0754713878054982,-0.06607309571307761
-0.13881569280570716,-0.13837029712973184
-0.24505133383857247,-0.24260612534179574
-0.6257182684262168,-0.5856796111653201
1.3321200006698035,0.9716517645701543
-0.5044844936212658,-0.48335621803472584
3.0419922415607505,0.09943581699168326
2.27294588128205,0.7634556403223043
1.4469284575451535,0.9923381794388757
2.056864277812819,0.8841765570167202
-1.1592925911402967,-0.9165203830775565
2.261065464447391,0.7710746709435945
2.418999763636899,0.6613318027626696
-1.402270787616765,-0.9858331482170702
0.20444749423548236,0.20302619202381647
-0.05733010197028898,-0.05729870226865275
-1.9212733963539386,-0.9392090198493497
2.873484373629128,0.2649077757952124
0.6135502676178977,0.5757738134816849
0.9383699808978161,0.8065956622583274
1.1496381079865898,0.9126160521508709
-2.374637322812273,-0.6939462148961129
-1.2103119517272822,-0.935726081039363
0.9567897310758884,0.8173461968552979
-2.993226338725696,-0.14782259315960417
1.0603604753769282,0.8725316520111237
-0.18821430210330004,-0.18710503190253458
-2.5392571277994347,-0.5665685242854526
1.2558056622503466,0.9507992711504868
-2.5617342093486655,-0.5479055251964311
1.6356644989539557,0.9978967977774017
3.0803503913395005,0.06120398674080372
-2.9742720889323797,-0.166540934258022
0.17165908829606114,0.17081728762498447
-0.9642813057783814,-0.8216394675233908
2.3873498165434617,0.6847370520409066
3.039704770133935,0.10171168952484988
-0.2658754681242277,-0.2627540753936038
-1.5570255232324581,-0.9999051839830064
2.2999874055166902,0.7457136035198074
-1.4457386109545112,-0.992190469869757
-2.8666769327519237,-0.2714658236025437
2.4142668695505334,0.6648744955639182
0.13135823580575323,0.1309807974984627
-2.9112591822010425,-0.22830220073818178
0.9862308794750945,0.8339519668836408
1.2139971311592799,0.9370195884590108
0.7335836741279462,0.6695358093086912
-1.5927821770685968,-0.9997583209292942
-0.8645064108650145,-0.760775009217841
1.470829342690065,0.9950074608253416
2.501878258005827,0.5969663349183919
-0.6808224590128402,-0.6294323329670483
-1.8685235859575897,-0.9560056620662832
3.00912081654855,0.1320847235106587
-1.721470607720672,-0.9886700898866339
-1.4837962584264683,-0.9962178805306429
1.9904665705896143,0.9132233522052771
1.950506649010749,0.9287720440310631
-2.720767300457794,-0.4085139349058975
-2.0155741778702474,-0.9027062688785779
-0.6971319243336294,-0.6420214153593329
2.212897471733326,0.8008391940791443
1.1110220939663193,0.8961527035967786
0.6683085067225711,0.6196592702235879
-0.3973895578527973,-0.38701264177347394
0.1004090249752081,0.10024038983837827
0.3253683955997082,0.3196578745392294
-0.7729265673166283,-0.6982332684040582
-1.7913895878753454,-0.9757678104584266
-0.056630246750227986,-0.05659998287955611
-1.3860053951156084,-0.98297468654096
-0.33854239010156384,-0.3321125698274292
-2.3437633170883605,-0.7158420862525663
0.2924465929575648,0.2882957996549718
-0.8034887415257885,-0.7197823500171401
-0.7533437384757891,-0.6840815211302931
-3.0201096945541157,-0.12118436965294677
2.1235113787590842,0.8511022586220711
0.23433750656067742,0.23219865009165902
0.86007003895641,0.7578882570758512
2.2079771268664974,0.8037761815180196
0.17411800245845166,0.17323954359872418
2.953787390271885,0.1867032011358652
-1.252272993591308,-0.9496988929839474
-1.4900164166222136,-0.9967390768689379
-0.4340154354004766,-0.4205173251201386
-2.846068516203273,-0.2912413059389493
2.5654319515142285,0.5448084763771049
2.85816226639134,0.2796508083571012
-2.0381801688828203,-0.8927500578118004
-1.8057455218158156,-0.9725261696605453
0.14058845033969947,0.14012578338989334
-0.29074057799662745,-0.2866618009535041
0.8719782684614801,0.7656030805972095
-0.0851652835320067,-0.08506236844667805
2.641171719678601,0.4797949003798726
3.076795427626621,0.06475189167332533
-1.8572310968864063,-0.9592572687308015
1.877134445520892,0.9534442708058123
0.20532641300260446,0.20388672729021587
-2.838877657290493,-0.29811284933808196
-0.32833350773568437,-0.3224660069119323
-0.5975452246164461,-0.562614760634202
2.493200650651475,0.6039055234774465
-0.24003418375581598,-0.237735830268394
1.4866921320097477,0.9964653264942209
1.7786683492402444,0.9784722979750528
0.6443593326389712,0.6006863580278291
1.722098625112685,0.9885756264942014
0.7408496654456029,0.6749151193748826
-1.5224849518426709,-0.9988332324868053
-2.9472162885759676,-0.193154681672347
-0.26306702136272175,-0.26004327682445405
2.8112369429106057,0.3243795252517323
2.9735509711422496,0.16725193794447685
1.6766763292389175,0.9943999471260467
-0.9424409120636046,-0.8089953139455639
-2.4901108374607626,-0.6063653906893902
-0.3514809405511783,-0.34428858607098656
-2.611929925960929,-0.5052423114709796
-1.086138770825166,-0.8848345475029705
-0.3089816508609391,-0.3040886703618493
1.7213972937305684,0.9886810920120053
2.35249596586634,0.7097171905751039
-1.7881353285082189,-0.9764747021785184
-2.787364256860036,-0.34686677073775857
0.3163241505921377,0.31107519683567303
2.1726382001773077,0.8242942155812533
1.5032207697355169,0.9977176407667983
-0.744651125013513,-0.6777153154196597
1.5540178798194884,0.9998592451606582
1.0760322087945884,0.8800807367701146
-1.4546473487961067,-0.9932622872076164
-3.074106130029079,-0.0674353081073517
2.993876530409093,0.1471795133508443
-2.0395493941567757,-0.8921323136162078
-1.8542081378228321,-0.9601069733349918
-0.7920932863529613,-0.7118250648060817
-1.7899855291698317,-0.9760740685973764
0.9922593397568704,0.8372635205671024
-2.3664921001200323,-0.6997879093229122
0.2327259121189007,0.23063080227012758
-0.48995533210018705,-0.4705864757459397
3.0658268402170687,0.07569334575812378
1.233034069017859,0.9434985626360135
-1.9337012540581184,-0.9348695452649937
0.9714821691566362,0.82572267649624
-2.7224842162318863,-0.4069462151182207
0.5903860391874551,0.5566817571132006
-1.693849761685283,-0.9924384747868268
-0.8765317684943503,-0.7685244601952481
-1.138975671714233,-0.908205265637205
2.4101025462959518,0.6679792840397779
0.9064147581507038,0.7872982433391239
0.592098404480649,0.5581034463651494
2.841239592840032,0.29585748005288076
-1.9677249765883351,-0.9222526879593347
-1.05603704792673,-0.8704112606279683
-0.7848475586350672,-0.7067173376597619
2.199336204945136,0.8088868698009157
-0.9605857736790515,-0.8195273806491106
-1.9266295856163898,-0.9373565306013071
2.6749392506843916,0.44990003500998055
0.018500338581642684,0.018499283270928334
-1.8270930478853245,-0.9673353902830745
-0.9262292107671151,-0.7993599412319131
-0.1258537322123905,-0.1255217589567722
1.967529147099766,0.9223283755288176
1.4618986685110347,0.9940765072263054
0.19799536707319199,0.196704259197013
1.6477191394669033,0.9970428990033784
-2.4122959084693454,-0.6663454226063351
0.4186013620639093,0.4064829738169898
2.266496064191882,0.7676054121561207
-0.5016037123266637,-0.48083231145758004
2.625652146849471,0.4933531472502578
-1.4300594806681182,-0.9901129056033766
-0.6284439323605309,-0.5878866997305411
-1.5600127073849148,-0.9999418573396472
-0.184940498432979,-0.18388804695525596
0.07894013966272517,0.07885817869008338
1.7668815199401724,0.9808368178128496
0.043477918176202834,0.04346422153988651
2.464645853981745,0.6264160115650877
2.8726029235428836,0.26575763195710567
3.11945304249726,0.02213780246945137
-3.0120253694654204,-0.12920506592346281
2.6685635726900347,0.4555848360325866
-2.4961329998250386,-0.6015656842063187
-0.07264009445240083,-0.07257622938571354
-1.7512656686593817,-0.9837595583559959
-3.0066452935801866,-0.13453814978434425
-1.379854703124895,-0.9818259657882326
-2.0456978778679695,-0.8893377417928652
3.071347128236958,0.07018776928820832
-1.8408114131436568,-0.9637668722527354
2.087901958392404,0.8692536968224904
1.5612959998464708,0.9999548722333598
2.052247614448647,0.886323814488229
-2.7107137397463013,-0.41766954389284505
-1.6180338662014748,-0.9988845148816254
-0.27293448504426276,-0.26955845547294194
2.5097283692228896,0.5906501263188901
-0.02721853299764554,-0.027215172320403495
0.7903346938988172,0.710588805359181
-2.8606851936149864,-0.27722765400109
0.2684764867391638,0.26526280996169704
-2.41998139740321,-0.6605951671501007
-0.4675415740433593,-0.450693064375575
-2.448942476136864,-0.6385788832897807
-1.6867106517457473,-0.9932894533345267
-1.9545902741562688,-0.9272507026079565
0.06079392426008612,0.06075648312314919
-0.8210489950692059,-0.7318610740052174
1.8855520932980188,0.9508720181159569
-1.7813661759301604,-0.9779119652398877
1.8596626328179298,0.9585674419613855
-1.8674477262686635,-0.9563207102468054
-2.8886249768973724,-0.250278284389229
-0.19549990687184549,-0.19425694320181605
-2.970335778651491,-0.1704209719023576
-3.1387776123356717,-0.002815037536177375
1.710949740229747,0.9901945767714895
-0.7821369290071685,-0.70479698405515
-1.4934491152779825,-0.997010195446107
1.6983659848047452,0.9918740203452517
-0.019733101892305704,-0.019731821254350617
-1.9748153617599544,-0.9194884735082288
-2.2219965744913943,-0.7953568517171059
2.844623822211984,0.29262306748996153
1.1918931797069519,0.9290709220601493
2.447180746085488,0.6399336421993285
-2.8959416027334757,-0.243187882074286
-2.8709694749322705,-0.2673319863105202
-2.362502461503336,-0.7026323334570085
-0.8699681986540431,-0.7643084302869049
-0.22122500155464264,-0.21942493493366766
3.1027974295025773,0.03878549323534109
-1.0250249166548637,-0.8547271234165752
-1.5684350507278066,-0.9999972121889628
-2.0097023490766013,-0.9052170900135714
0.16128095272820175,0.1605826670425926
-0.20915665840678788,-0.2076350116630906
1.559593477139427,0.9999372487360964
1.6703097046524586,0.9950526286181611
-2.0235422553350775,-0.8992493248404659
1.8343815808315602,0.9654620700184782
1.2344383381161457,0.9439629741501616
-0.8764144128190092,-0.7684493683471847
-3.1007405424635963,-0.04084074909378655
-1.6593018602483982,-0.9960859412517412
1.0723763534438495,0.8783389712670956
-2.3402872652831075,-0.7182649522316391
-2.391939599399378,-0.6813848626165477
-1.0576297280745917,-0.8711942731314175
0.001876825121449599,0.0018768240196056353
-3.0578377781842097,-0.08365698802370897
-1.1803557355082732,-0.9247414623877669
2.820076344683925,0.3160055325582702
-2.1556107765468524,-0.8338145322669182
0.5125507015768935,0.4904017672020177
-0.49644979472274375,-0.4763069255801733
1.9319823708987194,0.9354783527353444
-0.2364678650082137,-0.23427025392649
-0.6362738355220312,-0.5942025617414766
2.899956597022138,0.23929147146436494
-0.19491302297334334,-0.19368120562030142
-2.1091663984315216,-0.8585455465055065
-0.3946675754157525,-0.38450134080289905
0.5601897006529541,0.5313469132099745
-2.092050065997217,-0.8671955396872806
1.643063818055401,0.9973898411326868
-2.5100175149209147,-0.5904167819376988
-2.537490101152977,-0.5680236948108305
2.3928268433354596,0.6807351982093027
-0.18505459042380146,-0.1840001921604154
-0.7341740341583729,-0.6699742001011659
2.0552873485353844,0.8849121244262019
-0.8890298027647825,-0.776460728092571
-2.6469347400508725,-0.47473059810016455
-1.1554386818431444,-0.9149720631282828
-0.05683851839617038,-0.056807919423659356
2.259928553167793,0.7717980947210975
1.8770493119737948,0.9534699410119808
0.9967424832924854,0.8397064795371708
-0.8217776772835417,-0.7323574429706725
2.977166559689393,0.16368619246091953
1.0904155415819865,0.8868190197958891
0.5041894723300815,0.4830979283542253
1.31050490150347,0.9663150173236962
-2.8331826313290422,-0.3035440623064805
2.1390529352697314,0.8428404851836787
0.7942686886824388,0.7133512879128471
1.4327192768437387,0.9904824997078411
-2.7829689849856485,-0.35098579584566086
-3.093734586487182,-0.04783980021835105
0.0943328993273469,0.09419305493281167
2.9415636103085285,0.1986977950605456
0.3841161666195454,0.3747398547762485
-0.20974575490117342,-0.20821123354472562
2.048137431254278,0.8882196085196914
-0.37825237005566725,-0.3692969416793132
-2.3452625569768815,-0.7147944195874723
-0.6889815423073697,-0.6357513707948745
-0.25280999426089856,-0.250125617257253
1.601096777606287,0.9995409764617139
-0.4127669427528047,-0.4011454196905776
-1.0721527478829715,-0.8782320572793098
-0.8149061605308052,-0.7276612338695457
-2.2320043638574854,-0.7892509873577213
-2.96138033814179,-0.17923845460352042
-3.0676006376409917,-0.07392451895278139
1.7185598505288953,0.9891028196644852
-1.2654820612227355,-0.953752533660436
0.9645167987029115,0.8217736774798359
-2.9300052416696363,-0.21001217447982368
0.29582062561089284,0.2915249284821233
-1.1026765863005727,-0.8924182554226342
0.41860054913467515,0.4064822310772676
-1.6001300986027154,-0.9995697957652498
1.3860351602548269,0.9829801551828181
-1.0845611806887452,-0.8840984389913844
-1.0217331729039656,-0.8530138253624561
2.7058842582457174,0.4220527180916497
2.0078560389806706,0.906000135115622
-0.9792712014673435,-0.8300911927549591
-0.7506409699558225,-0.6821076105501025
1.6207392148759556,0.9987531131723814
-1.9588579774151427,-0.9256442598416484
-1.7237165647072548,-0.9883304676434933
-0.6309877384874114,-0.5899425902885015
-1.1533688398636737,-0.9141348869207007
-1.0247581825086902,-0.8545886372947563
-1.5674776820046932,-0.9999944933034322
0.16010723273978833,0.15942406878444432
0.18533118692364692,0.18427205906701014
1.317774718449087,0.9681604418416039
0.6351136296614839,0.5932689905504915
1.154111466471682,0.9144357032047168
-1.6513114448430852,-0.9967604085542903
2.3895470785107014,0.6831340573789262
-0.6159883642246324,-0.5777655100035752
-2.6235746159941638,-0.49515917806614934
2.10385950807792,0.8612544847771821
-0.9914250026202089,-0.836807013994307
1.5058612570641055,0.9978924590639935
-2.071446003566063,-0.8772709050713722
1.4261163999177393,0.9895521033289514
1.639860596542455,0.9976160111585647
-3.0290951041515015,-0.11226041036569541
-2.729528578202663,-0.4005014840389359
2.0056177992063535,0.9069452612297537
0.9902045423796464,0.8361381914408552
-1.5297879672272334,-0.9991592750522754
2.6017815173954295,0.5139739923588901
3.0385127252249235,0.10289747984615369
-3.034750863784501,-0.10663863629399475
0.567534795863911,0.5375549533364001
0.20221867344075717,0.20084328772166873
-2.192758785608161,-0.8127366326008224
2.99800130138987,0.14309842149670962
1.036691433750475,0.860724646843776
2.76883316242629,0.3641868009593157
-2.48774218497201,-0.6082472075709454
-0.8166191045190709,-0.7288351368637741
2.439621285893434,0.6457242196337375
2.801378405245635,0.333689068111385
-1.1804219711301573,-0.92476666936439
1.5444020211234086,0.9996516905358521
-0.15304190688895725,-0.15244518599888124
2.9614862665817645,0.17913424059932456
1.8424314190803566,0.9633334777124408
-1.8538900177098652,-0.9601958816249377
-0.29978406488822795,-0.29531390908162947
-1.3075417379659229,-0.9655481699540922
2.4704340387395085,0.6218937174533058
1.8860651658818304,0.95071305377867
0.3727208057328131,0.364150771942384
-0.051111645807446315,-0.05108939470062856
